2023-03-14 10:03:04.256601,28.43,0.00,114.72,5.91
2023-03-14 10:03:04.896363,28.43,0.00,114.71,5.91
2023-03-14 10:03:06.211694,28.43,0.00,114.71,5.91
2023-03-14 10:03:07.358260,28.49,0.52,114.59,5.91
2023-03-14 10:03:08.693582,28.50,0.44,114.59,5.82
2023-03-14 10:03:09.955484,28.50,0.56,114.59,5.81
2023-03-14 10:03:11.391037,28.56,2.88,114.46,5.90
2023-03-14 10:03:12.621061,28.56,0.20,114.46,6.70
2023-03-14 10:03:16.531676,28.56,0.20,0.00,6.70
2023-03-14 10:03:17.662410,28.56,0.20,0.00,6.70
2023-03-14 10:03:18.967470,28.56,0.20,0.00,6.70
2023-03-14 10:03:20.169576,28.56,0.20,0.00,6.70
2023-03-14 10:03:21.429415,28.56,0.20,0.00,6.70
2023-03-14 10:03:22.466637,28.56,0.20,0.00,6.70
2023-03-14 10:03:23.915931,28.50,0.35,0.00,5.74
2023-03-14 10:03:25.241802,28.50,0.10,19.24,5.79
2023-03-14 10:03:26.444089,28.50,0.10,45.94,5.79
2023-03-14 10:03:27.721614,28.50,0.10,55.56,5.79
2023-03-14 10:03:28.927779,28.50,0.10,59.38,5.79
2023-03-14 10:03:30.212393,28.50,0.10,59.41,5.79
2023-03-14 10:03:31.524206,28.50,0.10,85.19,5.79
2023-03-14 10:03:32.688708,28.50,0.10,112.51,5.79
2023-03-14 10:03:33.910667,28.50,0.10,112.78,5.79
2023-03-14 10:03:35.232287,28.50,0.10,112.78,5.79
2023-03-14 10:03:36.433081,28.50,0.10,112.78,5.79
2023-03-14 10:03:37.722732,28.50,0.10,112.78,5.79
2023-03-14 10:03:38.999307,28.50,0.10,112.78,5.79
2023-03-14 10:03:40.207890,28.50,0.10,112.78,5.79
2023-03-14 10:03:41.479102,28.50,0.10,112.78,5.79
2023-03-14 10:03:42.712351,28.50,0.10,112.78,5.79
2023-03-14 10:03:44.017817,28.50,0.10,112.78,5.79
2023-03-14 10:03:45.034487,28.50,0.10,112.78,5.79
2023-03-14 10:03:46.516846,28.49,0.00,112.78,5.56
2023-03-14 10:03:50.272110,28.49,0.00,0.00,5.56
2023-03-14 10:03:51.569220,28.49,0.00,0.00,5.56
2023-03-14 10:03:52.624559,28.49,0.00,0.00,5.56
2023-03-14 10:03:54.129870,28.49,0.00,0.00,5.56
2023-03-14 10:03:55.333211,28.49,0.00,0.00,5.56
2023-03-14 10:03:56.583259,28.49,0.00,0.00,5.56
2023-03-14 10:03:57.799883,28.49,0.00,0.00,5.56
2023-03-14 10:03:59.077429,28.49,0.00,111.78,5.56
2023-03-14 10:04:00.291893,28.49,0.00,112.77,5.56
2023-03-14 10:04:01.519090,28.49,0.00,112.78,5.56
2023-03-14 10:04:02.825726,28.49,0.00,114.57,5.56
2023-03-14 10:04:04.028587,28.43,0.67,114.71,5.85
2023-03-14 10:04:05.341473,28.31,0.68,114.84,5.73
2023-03-14 10:04:06.559817,28.19,0.68,115.10,5.85
2023-03-14 10:04:07.876457,28.12,0.68,115.36,6.50
2023-03-14 10:04:09.108729,28.00,0.68,115.49,6.25
2023-03-14 10:04:10.334597,27.88,0.68,115.75,6.64
2023-03-14 10:04:11.629987,27.81,0.68,116.10,6.75
2023-03-14 10:04:12.809974,27.69,0.68,116.14,6.85
2023-03-14 10:04:14.128871,27.63,0.68,116.28,6.88
2023-03-14 10:04:15.435983,27.56,0.68,116.54,6.93
2023-03-14 10:04:16.637075,27.50,0.68,116.67,6.95
2023-03-14 10:04:17.814540,27.38,0.67,116.81,6.97
2023-03-14 10:04:19.111259,27.31,7.16,117.70,6.97
2023-03-14 10:04:20.345287,27.19,0.70,117.21,6.97
2023-03-14 10:04:24.160348,27.60,0.70,0.00,2946.12
2023-03-14 10:04:25.396503,27.60,0.63,0.00,36.41
2023-03-14 10:04:26.651686,27.00,0.62,0.00,7.31
2023-03-14 10:04:27.949832,27.00,0.62,0.00,7.20
2023-03-14 10:04:29.156377,27.00,0.62,0.00,7.20
2023-03-14 10:04:30.253937,26.93,0.61,0.00,7.31
2023-03-14 10:04:31.670564,26.87,0.61,0.00,7.31
2023-03-14 10:04:32.929606,26.81,0.61,7.96,7.31
2023-03-14 10:04:34.177912,26.81,0.61,8.50,7.30
2023-03-14 10:04:35.445416,26.75,0.10,8.50,7.47
2023-03-14 10:04:36.659847,26.75,0.30,17.99,7.37
2023-03-14 10:04:37.967809,26.91,0.00,25.98,7.15
2023-03-14 10:04:39.180692,26.91,0.00,27.79,7.15
2023-03-14 10:04:40.475553,26.91,0.00,27.61,7.15
2023-03-14 10:04:41.719162,26.91,0.00,27.48,7.15
2023-03-14 10:04:42.957021,26.91,0.00,27.45,7.15
2023-03-14 10:04:44.253708,26.91,0.00,27.39,7.15
2023-03-14 10:04:45.441131,26.91,0.00,27.32,7.15
2023-03-14 10:04:46.757122,26.91,0.00,27.26,7.15
2023-03-14 10:04:47.982201,26.91,0.00,27.23,7.15
2023-03-14 10:04:49.266874,26.91,0.00,27.17,7.15
2023-03-14 10:04:50.466643,26.91,0.00,27.13,7.15
2023-03-14 10:04:51.780533,26.91,0.00,27.13,7.15
2023-03-14 10:04:53.017560,26.91,0.00,27.10,7.15
2023-03-14 10:04:54.286855,28.56,0.00,27.10,5.88
2023-03-14 10:04:58.042454,28.56,0.00,0.00,5.88
2023-03-14 10:04:59.333695,28.56,0.00,0.00,5.88
2023-03-14 10:05:00.576041,28.56,0.00,0.00,5.88
2023-03-14 10:05:01.772787,28.56,0.00,0.00,5.88
2023-03-14 10:05:03.059186,28.56,0.00,0.00,5.88
2023-03-14 10:05:04.317553,28.56,0.00,0.00,5.88
2023-03-14 10:05:05.651539,28.56,0.00,0.00,5.88
2023-03-14 10:05:06.802038,28.56,0.00,77.10,5.88
2023-03-14 10:05:08.103314,28.56,0.00,108.61,5.88
2023-03-14 10:05:09.316025,28.56,0.00,108.92,5.88
2023-03-14 10:05:10.558353,28.50,0.66,109.50,5.89
2023-03-14 10:05:11.811329,28.32,0.60,109.41,5.86
2023-03-14 10:05:13.088661,28.32,0.60,111.58,5.86
2023-03-14 10:05:14.371377,28.32,0.60,111.60,5.86
2023-03-14 10:05:15.604556,28.36,0.52,111.36,6.14
2023-03-14 10:05:16.940228,28.43,0.57,111.23,6.80
2023-03-14 10:05:18.073632,28.31,0.59,111.23,6.19
2023-03-14 10:05:19.380035,28.36,0.56,111.35,6.36
2023-03-14 10:05:20.650110,28.43,0.23,111.23,6.40
2023-03-14 10:05:21.889822,28.55,0.20,110.98,6.60
2023-03-14 10:05:23.098105,28.62,0.00,110.73,6.65
2023-03-14 10:05:24.403962,28.62,0.00,110.61,6.65
2023-03-14 10:05:25.604851,28.62,0.00,110.61,6.65
2023-03-14 10:05:26.919263,28.62,0.00,110.61,6.65
2023-03-14 10:05:28.088280,28.68,0.00,110.61,6.90
2023-03-14 10:05:31.960406,28.68,0.00,0.00,6.90
2023-03-14 10:05:33.124998,28.68,0.00,0.00,6.90
2023-03-14 10:05:34.401124,28.68,0.00,0.00,6.90
2023-03-14 10:05:35.730600,28.68,0.00,0.00,6.90
2023-03-14 10:05:36.987690,28.68,0.00,0.00,6.90
2023-03-14 10:05:38.267682,28.68,0.00,0.00,6.90
2023-03-14 10:05:39.450340,28.68,0.00,0.00,6.90
2023-03-14 10:05:40.795146,28.68,0.00,111.28,6.90
2023-03-14 10:05:41.926960,28.68,0.00,112.39,6.90
2023-03-14 10:05:43.195964,28.68,0.00,114.18,6.90
2023-03-14 10:05:44.422800,28.68,0.00,114.20,6.90
2023-03-14 10:05:45.702273,28.68,0.00,114.20,6.90
2023-03-14 10:05:46.938968,28.68,0.00,114.33,6.90
2023-03-14 10:05:48.237305,28.68,0.00,114.46,6.90
2023-03-14 10:05:49.491210,28.68,0.00,114.46,6.90
2023-03-14 10:05:50.729496,28.68,0.00,114.46,6.90
2023-03-14 10:05:51.999750,28.68,0.00,114.33,6.90
2023-03-14 10:05:53.210726,28.68,0.00,114.33,6.90
2023-03-14 10:05:54.473340,28.62,0.63,114.33,5.81
2023-03-14 10:05:55.727742,28.62,0.63,114.33,5.69
2023-03-14 10:05:57.037750,28.62,0.63,114.33,5.69
2023-03-14 10:05:58.258386,28.62,0.63,114.33,5.69
2023-03-14 10:05:59.510230,28.62,0.63,114.33,5.69
2023-03-14 10:06:00.785116,28.62,0.63,114.33,5.69
2023-03-14 10:06:01.997529,28.62,0.00,114.33,5.74
2023-03-14 10:06:05.768134,28.62,0.00,0.00,5.74
2023-03-14 10:06:07.172318,28.62,0.00,0.00,5.74
2023-03-14 10:06:08.376463,28.62,0.00,0.00,5.74
2023-03-14 10:06:09.521698,28.62,0.00,0.00,5.74
2023-03-14 10:06:10.926644,28.62,0.00,0.00,5.74
2023-03-14 10:06:12.034364,28.62,0.00,0.00,5.74
2023-03-14 10:06:13.371689,28.62,0.00,0.00,5.74
2023-03-14 10:06:14.572544,28.62,0.00,111.41,5.74
2023-03-14 10:06:15.866818,28.62,0.00,112.52,5.73
2023-03-14 10:06:17.056043,28.62,0.00,112.53,5.73
2023-03-14 10:06:18.348972,28.62,0.00,114.31,5.73
2023-03-14 10:06:19.579627,28.62,0.65,114.33,5.69
2023-03-14 10:06:20.857198,28.62,0.65,114.33,5.69
2023-03-14 10:06:22.076466,28.62,0.65,114.33,5.69
2023-03-14 10:06:23.297267,28.62,0.65,114.33,5.69
2023-03-14 10:06:24.613062,28.62,0.65,114.33,5.69
2023-03-14 10:06:25.833037,28.62,0.65,114.33,5.69
2023-03-14 10:06:27.155979,28.62,0.56,114.33,5.70
2023-03-14 10:06:28.383330,28.62,0.56,114.33,5.70
2023-03-14 10:06:29.630418,28.62,0.35,114.33,5.89
2023-03-14 10:06:30.873761,28.62,0.20,114.33,5.94
2023-03-14 10:06:32.153807,28.62,0.20,114.33,5.94
2023-03-14 10:06:33.361160,28.62,0.00,114.33,5.84
2023-03-14 10:06:34.693224,28.62,0.00,114.33,5.84
2023-03-14 10:06:35.873655,28.62,0.00,114.33,5.82
2023-03-14 10:06:39.659924,28.62,0.48,0.00,2536.20
2023-03-14 10:06:40.990134,28.62,0.49,0.00,31.52
2023-03-14 10:06:42.132967,28.68,0.47,0.00,6.73
2023-03-14 10:06:43.435082,28.68,0.48,0.00,6.96
2023-03-14 10:06:44.703198,28.68,0.40,0.00,6.59
2023-03-14 10:06:45.978162,28.68,0.38,0.00,6.79
2023-03-14 10:06:47.241078,28.68,0.41,0.00,6.65
2023-03-14 10:06:48.456746,28.63,0.10,0.00,6.52
2023-03-14 10:06:49.686693,28.68,0.27,26.77,6.34
2023-03-14 10:06:50.988278,28.68,0.34,53.32,6.24
2023-03-14 10:06:52.183966,28.68,0.56,53.65,6.28
2023-03-14 10:06:53.488817,28.62,0.40,55.51,6.42
2023-03-14 10:06:54.680908,28.62,0.40,57.39,6.42
2023-03-14 10:06:55.900692,28.62,0.40,57.40,6.42
2023-03-14 10:06:57.293099,28.62,0.40,59.26,6.42
2023-03-14 10:06:58.268950,28.62,0.40,59.28,6.42
2023-03-14 10:06:59.769604,28.62,0.40,59.28,6.42
2023-03-14 10:07:01.033512,28.62,0.40,59.28,6.42
2023-03-14 10:07:02.237219,28.62,0.70,59.28,5.54
2023-03-14 10:07:03.443033,28.62,0.70,59.28,5.54
2023-03-14 10:07:04.762057,28.62,0.70,59.28,5.54
2023-03-14 10:07:05.990169,28.62,0.70,59.28,5.54
2023-03-14 10:07:07.248014,28.62,0.70,59.35,5.54
2023-03-14 10:07:08.482286,28.62,0.70,59.28,5.54
2023-03-14 10:07:09.791630,28.62,0.70,59.28,5.54
2023-03-14 10:07:13.593790,28.56,0.76,0.00,2322.23
2023-03-14 10:07:14.789447,28.44,0.69,0.00,28.37
2023-03-14 10:07:16.100535,28.49,0.68,0.00,5.55
2023-03-14 10:07:17.295518,28.49,0.70,0.00,5.22
2023-03-14 10:07:18.610641,28.56,0.56,0.00,4.94
2023-03-14 10:07:19.604619,28.56,0.14,0.00,5.28
2023-03-14 10:07:21.172761,28.56,0.18,0.00,5.19
2023-03-14 10:07:22.370690,28.56,0.56,0.00,5.20
2023-03-14 10:07:23.624798,28.56,0.56,0.00,5.20
2023-03-14 10:07:26.255095,28.56,0.56,0.00,5.20
2023-03-14 10:07:28.551246,28.38,0.67,0.00,5.24
2023-03-14 10:07:30.734128,28.38,0.67,0.00,5.24
2023-03-14 10:07:32.932897,28.38,0.67,0.00,5.24
2023-03-14 10:07:35.179888,28.38,0.67,0.00,5.24
2023-03-14 10:07:37.419513,28.49,0.61,0.00,5.28
2023-03-14 10:07:39.660231,28.49,0.69,0.00,5.21
2023-03-14 10:07:41.879485,28.50,0.69,0.00,5.11
2023-03-14 10:07:44.169384,28.50,0.16,0.00,5.12
2023-03-14 10:07:46.363382,28.56,0.30,0.00,5.14
2023-03-14 10:07:48.658383,28.56,0.10,0.00,5.11
2023-03-14 10:07:50.848934,28.56,0.10,0.00,5.11
2023-03-14 10:07:53.095386,28.56,0.10,0.00,5.11
2023-03-14 10:07:55.325973,28.56,0.10,0.00,5.11
2023-03-14 10:07:57.551962,28.56,0.10,0.00,5.11
2023-03-14 10:07:59.740000,28.56,0.00,0.00,5.30
2023-03-14 10:08:01.950062,28.56,0.00,0.00,5.30
2023-03-14 10:08:04.180662,28.56,0.00,0.00,5.30
2023-03-14 10:08:06.371206,28.56,0.00,0.00,5.30
2023-03-14 10:08:08.685276,28.56,0.00,0.00,5.30
2023-03-14 10:08:10.891159,28.56,0.00,0.00,5.30
2023-03-14 10:08:13.146287,28.56,0.00,0.00,5.30
2023-03-14 10:08:15.378454,28.56,0.00,0.00,5.30
2023-03-14 10:08:17.627613,28.56,0.00,0.00,5.30
2023-03-14 10:08:19.848378,28.56,0.00,0.00,5.30
2023-03-14 10:08:22.117443,28.56,0.00,0.00,5.30
2023-03-14 10:08:24.340074,28.56,0.00,0.00,5.30
2023-03-14 10:08:26.638131,28.56,0.00,0.00,5.30
2023-03-14 10:08:28.774757,28.56,0.00,0.00,5.30
2023-03-14 10:08:31.001729,28.50,0.55,0.00,4.95
2023-03-14 10:08:33.267114,28.50,0.40,0.00,5.10
2023-03-14 10:08:35.485134,28.50,0.40,0.00,5.10
2023-03-14 10:08:37.836817,28.50,0.40,0.00,5.10
2023-03-14 10:08:40.020827,28.43,0.00,0.00,5.35
2023-03-14 10:08:42.246555,28.49,0.52,0.00,5.33
2023-03-14 10:08:44.431214,28.49,0.57,0.00,5.26
2023-03-14 10:08:46.697308,28.50,0.58,0.00,5.17
2023-03-14 10:08:48.864087,28.49,0.58,0.00,5.10
2023-03-14 10:08:51.114156,28.49,0.57,0.00,5.30
2023-03-14 10:08:53.295426,28.50,0.37,0.00,5.51
2023-03-14 10:08:55.448625,28.50,6.36,0.00,5.48
2023-03-14 10:08:57.690083,28.50,0.60,0.00,5.56
2023-03-14 10:08:59.894660,28.50,0.64,0.00,2506.19
2023-03-14 10:09:02.162609,28.50,0.58,0.00,30.88
2023-03-14 10:09:04.299766,28.50,0.25,0.00,6.55
2023-03-14 10:09:06.570706,28.50,0.25,0.00,6.55
2023-03-14 10:09:08.758384,28.50,0.57,0.00,5.85
2023-03-14 10:09:11.033478,28.50,0.57,0.00,5.71
2023-03-14 10:09:13.240271,28.50,0.59,0.00,5.72
2023-03-14 10:09:15.490060,28.50,0.57,0.00,5.76
2023-03-14 10:09:17.713457,28.50,0.59,0.00,5.86
2023-03-14 10:09:19.991394,28.44,0.59,0.00,5.98
2023-03-14 10:09:22.186896,28.49,0.80,0.00,6.16
2023-03-14 10:09:24.358029,28.49,0.70,0.00,6.13
2023-03-14 10:09:26.586073,28.50,0.80,1.93,5.98
2023-03-14 10:09:28.689694,28.50,0.90,3.88,5.72
2023-03-14 10:09:30.955446,28.50,0.80,3.90,5.47
2023-03-14 10:09:33.081785,28.56,0.80,3.90,5.29
2023-03-14 10:09:35.287620,28.56,0.80,3.90,5.29
2023-03-14 10:09:37.424993,28.50,0.45,3.90,5.00
2023-03-14 10:09:39.663107,28.56,0.50,3.90,5.70
2023-03-14 10:09:41.835283,28.56,0.50,3.90,5.70
2023-03-14 10:09:44.047056,28.56,0.50,3.90,5.70
2023-03-14 10:09:46.201816,28.56,0.50,3.90,5.70
2023-03-14 10:09:48.417533,28.56,0.50,3.90,5.70
2023-03-14 10:09:50.556230,28.56,0.50,3.90,5.70
2023-03-14 10:09:52.731628,28.50,0.00,3.90,5.26
2023-03-14 10:09:55.011962,28.44,0.64,0.00,2340.25
2023-03-14 10:09:57.182120,28.49,0.70,0.00,28.60
2023-03-14 10:09:59.468553,28.49,0.70,0.00,28.60
2023-03-14 10:10:01.649137,28.49,0.70,0.00,28.60
2023-03-14 10:10:03.878061,28.49,0.70,0.00,28.60
2023-03-14 10:10:06.098625,28.49,0.70,0.00,28.60
2023-03-14 10:10:08.378297,28.49,0.70,0.00,28.60
2023-03-14 10:10:10.530062,28.49,0.70,15.43,28.60
2023-03-14 10:10:12.804093,28.49,0.70,73.85,28.60
2023-03-14 10:10:14.947147,28.49,0.70,107.15,28.60
2023-03-14 10:10:17.573013,28.43,0.00,107.48,5.15
2023-03-14 10:10:19.974373,28.43,0.00,107.48,5.15
2023-03-14 10:10:23.245369,28.43,0.00,107.48,5.15
2023-03-14 10:10:23.805878,28.43,0.00,107.48,5.15
2023-03-14 10:10:24.570297,28.43,0.00,107.48,5.15
2023-03-14 10:10:25.117891,28.43,0.00,107.48,5.18
2023-03-14 10:10:25.627276,28.43,0.00,107.48,5.18
2023-03-14 10:10:26.403566,28.43,0.00,107.48,5.18
2023-03-14 10:10:27.070147,28.43,0.00,107.48,5.18
2023-03-14 10:10:28.539128,28.43,0.00,107.48,5.18
2023-03-14 10:10:30.762578,28.43,0.00,107.48,5.18
2023-03-14 10:10:33.078956,28.43,0.00,107.48,5.18
2023-03-14 10:10:35.261834,28.43,0.00,107.48,5.14
2023-03-14 10:10:37.475634,28.43,0.15,107.48,5.12
2023-03-14 10:10:39.740132,28.43,0.00,107.48,5.18
2023-03-14 10:10:41.921723,28.43,0.00,0.00,5.18
2023-03-14 10:10:44.202332,28.43,0.00,0.00,5.18
2023-03-14 10:10:46.332588,28.43,0.00,0.00,5.18
2023-03-14 10:10:48.608313,28.43,0.00,0.00,5.18
2023-03-14 10:10:50.790889,28.43,0.00,0.00,5.18
2023-03-14 10:10:53.157451,28.43,0.00,0.00,5.18
2023-03-14 10:10:55.342828,28.43,0.00,0.00,5.18
2023-03-14 10:10:57.617640,28.43,0.00,58.89,5.18
2023-03-14 10:10:59.746506,28.43,0.00,107.00,5.18
2023-03-14 10:11:01.974015,28.43,0.00,107.48,5.18
2023-03-14 10:11:04.228037,28.43,0.00,107.36,5.18
2023-03-14 10:11:06.419091,28.43,0.00,107.48,5.18
2023-03-14 10:11:08.692570,28.43,0.00,107.48,5.18
2023-03-14 10:11:10.908556,28.43,0.00,107.48,5.20
2023-03-14 10:11:13.171611,28.43,0.52,107.48,5.10
2023-03-14 10:11:15.383386,28.43,0.23,107.48,5.10
2023-03-14 10:11:17.681212,28.43,0.27,107.48,5.22
2023-03-14 10:11:19.907526,28.43,0.33,107.48,5.46
2023-03-14 10:11:22.218138,28.43,0.33,107.48,5.46
2023-03-14 10:11:24.405976,28.43,0.33,107.48,5.46
2023-03-14 10:11:26.706785,28.43,0.10,107.48,5.49
2023-03-14 10:11:28.894690,28.43,0.10,107.36,5.49
2023-03-14 10:11:31.107248,28.43,0.10,107.48,5.49
2023-03-14 10:11:33.372822,28.43,0.10,107.48,5.49
2023-03-14 10:11:35.578867,28.43,0.00,107.48,5.28
2023-03-14 10:11:37.853333,28.43,0.00,0.00,2282.27
2023-03-14 10:11:40.051780,28.43,0.00,0.00,27.88
2023-03-14 10:11:42.318635,28.43,0.00,0.00,5.39
2023-03-14 10:11:44.426218,28.43,0.00,0.00,5.39
2023-03-14 10:11:46.608952,28.43,0.11,0.00,5.38
2023-03-14 10:11:48.797668,28.43,0.26,0.00,5.17
2023-03-14 10:11:51.023414,28.43,0.29,0.00,5.44
2023-03-14 10:11:53.207979,28.43,0.22,53.30,5.46
2023-03-14 10:11:55.521384,28.43,0.11,68.69,5.78
2023-03-14 10:11:57.731035,28.43,0.21,107.90,5.49
2023-03-14 10:11:59.917628,28.43,0.10,109.27,5.44
2023-03-14 10:12:02.181864,28.43,0.10,109.29,5.44
2023-03-14 10:12:04.404952,28.43,0.10,109.29,5.44
2023-03-14 10:12:06.649489,28.43,0.00,109.29,5.39
2023-03-14 10:12:08.828328,28.43,0.00,109.29,5.39
2023-03-14 10:12:11.069899,28.43,0.00,109.29,5.39
2023-03-14 10:12:13.247897,28.43,0.53,109.29,5.26
2023-03-14 10:12:15.487736,28.43,0.54,109.29,5.15
2023-03-14 10:12:17.597379,28.49,0.33,109.29,5.29
2023-03-14 10:12:19.871116,28.49,0.33,109.29,5.29
2023-03-14 10:12:22.058258,28.49,0.33,109.29,5.29
2023-03-14 10:12:24.290305,28.43,0.16,109.29,5.63
2023-03-14 10:12:26.586249,28.43,0.50,109.29,5.59
2023-03-14 10:12:28.793571,28.43,0.50,109.29,5.59
2023-03-14 10:12:31.068214,28.43,0.00,109.29,5.74
2023-03-14 10:12:33.296948,28.44,0.64,0.00,2330.27
2023-03-14 10:12:35.603163,28.43,0.59,0.00,28.59
2023-03-14 10:12:37.830760,28.43,0.59,0.00,5.60
2023-03-14 10:12:40.030813,28.49,0.60,0.00,5.35
2023-03-14 10:12:42.337023,28.44,0.59,0.00,5.34
2023-03-14 10:12:44.636953,28.49,0.59,0.00,5.30
2023-03-14 10:12:46.902670,28.49,0.59,0.00,5.26
2023-03-14 10:12:49.241382,28.50,0.59,3.86,5.30
2023-03-14 10:12:51.480756,28.50,0.59,5.83,5.36
2023-03-14 10:12:53.736186,28.56,0.59,5.85,5.43
2023-03-14 10:12:56.037563,28.62,0.60,5.84,5.46
2023-03-14 10:12:58.316828,28.62,0.59,5.84,5.50
2023-03-14 10:13:00.586819,28.68,0.59,5.83,5.54
2023-03-14 10:13:02.839743,28.62,0.59,7.76,5.55
2023-03-14 10:13:05.162563,28.63,0.59,9.69,5.54
2023-03-14 10:13:07.432139,28.62,0.59,9.72,5.53
2023-03-14 10:13:09.771498,28.68,0.59,9.71,5.52
2023-03-14 10:13:12.027786,28.68,0.60,9.71,5.46
2023-03-14 10:13:14.368102,28.68,0.60,9.71,5.48
2023-03-14 10:13:16.614298,28.68,0.59,9.71,5.46
2023-03-14 10:13:19.653594,28.68,0.59,9.71,5.45
2023-03-14 10:13:22.040168,28.68,0.59,9.71,5.46
2023-03-14 10:13:24.470232,28.68,0.59,9.71,5.48
2023-03-14 10:13:27.243728,28.68,6.43,9.71,5.54
2023-03-14 10:13:29.441758,28.68,0.60,9.71,5.56
2023-03-14 10:13:31.761674,28.56,0.65,0.00,2438.25
2023-03-14 10:13:34.088040,28.56,0.60,0.00,29.96
2023-03-14 10:13:36.378790,28.56,0.59,0.00,5.88
2023-03-14 10:13:38.669695,28.56,0.59,0.00,5.64
2023-03-14 10:13:41.087516,28.61,0.59,0.00,6.10
2023-03-14 10:13:43.659975,28.56,0.10,0.00,6.31
2023-03-14 10:13:45.973408,28.62,0.25,0.00,6.29
2023-03-14 10:13:48.272651,28.62,0.22,7.70,6.12
2023-03-14 10:13:50.566384,28.62,0.21,7.78,5.94
2023-03-14 10:13:53.229424,28.62,0.18,7.78,5.80
2023-03-14 10:13:55.541309,28.62,0.16,7.78,5.64
2023-03-14 10:13:57.903065,28.62,0.17,7.78,5.60
2023-03-14 10:14:00.127996,28.62,0.13,9.70,5.53
2023-03-14 10:14:02.511038,28.62,0.70,23.10,5.46
2023-03-14 10:14:04.827506,28.62,0.00,27.30,5.50
2023-03-14 10:14:07.205009,28.62,0.00,27.70,5.39
2023-03-14 10:14:09.506741,28.62,0.00,27.70,5.44
2023-03-14 10:14:11.862905,28.62,0.00,27.70,5.44
2023-03-14 10:14:14.171432,28.62,0.30,27.70,5.42
2023-03-14 10:14:16.733308,28.62,0.50,27.70,5.37
2023-03-14 10:14:19.032714,28.62,0.50,27.70,5.34
2023-03-14 10:14:21.283268,28.62,0.40,27.70,5.28
2023-03-14 10:14:23.891001,28.62,0.30,27.70,5.28
2023-03-14 10:14:26.513034,28.62,0.19,27.70,5.25
2023-03-14 10:14:29.087220,28.62,0.00,27.70,5.24
2023-03-14 10:14:31.340781,28.62,0.00,0.00,5.24
2023-03-14 10:14:33.684879,28.62,0.10,0.00,27.88
2023-03-14 10:14:35.975191,28.62,0.10,0.00,27.88
2023-03-14 10:14:38.284352,28.68,0.12,0.00,5.19
2023-03-14 10:14:40.538543,28.68,0.70,0.00,5.15
2023-03-14 10:14:42.856363,28.68,0.60,0.00,5.21
2023-03-14 10:14:45.414686,28.68,0.40,0.00,5.19
2023-03-14 10:14:47.718678,28.68,0.50,7.69,5.20
2023-03-14 10:14:50.000392,28.69,0.50,15.41,5.15
2023-03-14 10:14:52.612933,28.68,0.30,15.51,5.15
2023-03-14 10:14:55.212006,28.68,0.20,109.66,5.29
2023-03-14 10:14:57.481035,28.68,0.30,112.38,5.24
2023-03-14 10:15:00.057897,28.68,0.40,112.41,5.19
2023-03-14 10:15:02.292036,28.68,0.40,112.41,5.19
2023-03-14 10:15:04.608716,28.74,0.30,112.28,5.23
2023-03-14 10:15:06.873385,28.74,0.40,112.28,5.21
2023-03-14 10:15:09.585981,28.75,0.40,112.28,5.17
2023-03-14 10:15:12.191781,28.75,0.10,112.28,5.21
2023-03-14 10:15:14.511313,28.75,0.48,112.28,5.41
2023-03-14 10:15:17.061974,28.75,0.51,112.28,5.26
2023-03-14 10:15:19.645213,28.75,0.60,112.28,5.30
2023-03-14 10:15:21.975080,28.75,0.59,112.16,5.40
2023-03-14 10:15:24.229564,28.81,0.60,112.15,5.52
2023-03-14 10:15:26.884260,28.81,2.82,112.15,5.41
2023-03-14 10:15:29.163040,28.80,0.20,112.28,5.65
2023-03-14 10:15:31.493362,28.80,0.20,0.00,5.65
2023-03-14 10:15:33.707379,28.81,0.22,0.00,30.47
2023-03-14 10:15:35.992182,28.81,0.59,0.00,5.69
2023-03-14 10:15:38.218317,28.81,0.59,0.00,5.13
2023-03-14 10:15:41.002612,28.81,0.53,0.00,5.23
2023-03-14 10:15:43.582140,28.81,0.59,0.00,5.26
2023-03-14 10:15:45.894768,28.81,0.58,0.00,5.57
2023-03-14 10:15:48.135445,28.81,0.58,0.00,5.57
2023-03-14 10:15:50.360595,28.81,0.46,0.00,5.50
2023-03-14 10:15:52.686642,28.81,0.38,0.00,5.31
2023-03-14 10:15:54.928557,28.81,0.25,0.00,4.94
2023-03-14 10:15:57.571662,28.81,0.20,0.00,5.38
2023-03-14 10:15:59.851652,28.81,0.59,0.00,4.94
2023-03-14 10:16:02.461349,28.81,0.23,0.00,5.52
2023-03-14 10:16:04.705135,28.81,0.23,0.00,5.52
2023-03-14 10:16:06.971937,28.81,0.23,0.00,5.23
2023-03-14 10:16:09.193930,28.81,0.56,0.00,5.32
2023-03-14 10:16:11.507084,28.81,0.12,0.00,5.29
2023-03-14 10:16:13.843616,28.81,0.12,0.00,5.48
2023-03-14 10:16:16.143038,28.81,0.11,0.00,5.43
2023-03-14 10:16:18.374183,28.81,0.12,0.00,5.37
2023-03-14 10:16:20.780001,28.81,0.12,0.00,5.33
2023-03-14 10:16:23.093138,28.81,0.12,0.00,5.28
2023-03-14 10:16:25.491857,28.81,1.27,0.00,5.26
2023-03-14 10:16:27.823410,28.81,0.10,0.00,5.23
2023-03-14 10:16:30.646349,28.81,0.11,0.00,2272.37
2023-03-14 10:16:32.931640,28.81,0.10,0.00,27.90
2023-03-14 10:16:35.117285,28.81,0.70,0.00,5.47
2023-03-14 10:16:37.901140,28.86,0.50,0.00,5.23
2023-03-14 10:16:40.101646,28.86,0.20,0.00,5.17
2023-03-14 10:16:42.414045,28.81,0.00,0.00,5.23
2023-03-14 10:16:44.642971,28.86,0.00,0.00,5.23
2023-03-14 10:16:46.874261,28.87,0.00,107.36,5.23
2023-03-14 10:16:49.660989,28.87,0.00,110.21,5.24
2023-03-14 10:16:51.931453,28.87,0.00,110.24,5.24
2023-03-14 10:16:54.538085,28.87,0.00,112.10,5.24
2023-03-14 10:16:56.778726,28.87,0.00,112.30,5.19
2023-03-14 10:16:59.077373,28.87,0.00,112.30,5.19
2023-03-14 10:17:01.318551,28.87,0.00,112.30,5.19
2023-03-14 10:17:03.665541,28.87,0.00,112.30,5.19
2023-03-14 10:17:06.246599,28.87,0.00,112.30,5.19
2023-03-14 10:17:08.579885,28.87,0.00,112.30,5.19
2023-03-14 10:17:10.870401,28.87,0.00,112.30,5.19
2023-03-14 10:17:13.679729,28.87,0.00,112.30,5.19
2023-03-14 10:17:15.945329,28.87,0.00,112.15,5.19
2023-03-14 10:17:18.529221,28.87,0.00,112.30,5.19
2023-03-14 10:17:20.872790,28.87,0.00,112.30,5.19
2023-03-14 10:17:23.122017,28.87,0.00,112.30,5.19
2023-03-14 10:17:25.752155,28.87,0.00,112.30,5.19
2023-03-14 10:17:27.978831,28.87,0.00,112.30,5.17
2023-03-14 10:17:30.316426,28.87,0.00,0.00,5.17
2023-03-14 10:17:32.483004,28.87,0.00,0.00,5.17
2023-03-14 10:17:35.138197,28.87,0.00,0.00,5.17
2023-03-14 10:17:37.370450,28.87,0.00,0.00,5.17
2023-03-14 10:17:39.664819,28.87,0.00,0.00,5.17
2023-03-14 10:17:41.931771,28.87,0.00,0.00,5.17
2023-03-14 10:17:44.278445,28.87,0.00,0.00,5.17
2023-03-14 10:17:46.504043,28.87,0.00,105.58,5.17
2023-03-14 10:17:48.715468,28.87,0.00,108.41,5.17
2023-03-14 10:17:51.493031,28.87,0.00,108.44,5.17
2023-03-14 10:17:53.692704,28.87,0.00,108.32,5.17
2023-03-14 10:17:56.025951,28.87,0.00,108.32,5.17
2023-03-14 10:17:58.293639,28.87,0.00,110.22,5.17
2023-03-14 10:18:00.879044,28.87,0.00,110.24,5.17
2023-03-14 10:18:03.101846,28.87,0.00,110.12,5.17
2023-03-14 10:18:05.568822,28.87,0.00,110.11,5.17
2023-03-14 10:18:08.134328,28.87,0.00,110.11,5.17
2023-03-14 10:18:10.463440,28.87,0.00,110.11,5.17
2023-03-14 10:18:12.686614,28.87,0.00,110.11,5.17
2023-03-14 10:18:13.813727,28.87,0.00,110.11,5.17
2023-03-14 10:18:14.372749,28.87,0.00,110.11,5.17
2023-03-14 10:18:14.977200,28.87,0.00,110.11,5.17
2023-03-14 10:18:15.667232,28.87,0.00,110.11,5.17
2023-03-14 10:18:16.421068,28.87,0.00,110.24,5.17
2023-03-14 10:18:17.184285,28.93,0.00,110.24,5.23
2023-03-14 10:18:17.898481,28.93,0.00,0.00,5.23
2023-03-14 10:18:19.904682,28.93,0.00,0.00,5.23
2023-03-14 10:18:22.133782,28.93,0.00,0.00,5.23
2023-03-14 10:18:24.493003,28.93,0.00,0.00,5.23
2023-03-14 10:18:26.695173,28.93,0.00,0.00,5.23
2023-03-14 10:18:28.884702,28.93,0.00,0.00,5.23
2023-03-14 10:18:31.140694,28.93,0.00,0.00,5.23
2023-03-14 10:18:33.400101,28.93,0.00,107.12,5.23
2023-03-14 10:18:35.709980,28.93,0.00,108.19,5.23
2023-03-14 10:18:37.956305,28.93,0.00,108.20,5.23
2023-03-14 10:18:40.317011,28.93,0.00,108.20,5.23
2023-03-14 10:18:42.526628,28.93,0.00,108.20,5.23
2023-03-14 10:18:44.878824,28.93,0.00,108.20,5.23
2023-03-14 10:18:47.077614,28.93,0.00,108.20,5.23
2023-03-14 10:18:49.374943,28.93,0.00,109.97,5.23
2023-03-14 10:18:51.626703,28.93,0.00,109.99,5.23
2023-03-14 10:18:53.964278,28.93,0.00,109.99,5.23
2023-03-14 10:18:56.222060,28.93,0.00,109.99,5.23
2023-03-14 10:18:58.466853,28.93,0.00,109.99,5.23
2023-03-14 10:19:00.761359,28.93,0.00,109.99,5.23
2023-03-14 10:19:02.884177,28.93,0.00,109.99,5.23
2023-03-14 10:19:05.139240,28.93,0.00,109.99,5.23
2023-03-14 10:19:07.283938,28.93,0.00,109.99,5.23
2023-03-14 10:19:09.571377,28.93,0.00,109.87,5.23
2023-03-14 10:19:11.837309,29.50,0.00,109.99,5.40
2023-03-14 10:19:14.160939,29.50,0.00,0.00,5.40
2023-03-14 10:19:16.400222,29.50,0.00,0.00,5.40
2023-03-14 10:19:18.683628,29.50,0.00,0.00,5.40
2023-03-14 10:19:20.924931,29.50,0.00,0.00,5.40
2023-03-14 10:19:23.178343,29.50,0.00,0.00,5.40
2023-03-14 10:19:25.422859,29.50,0.00,0.00,5.40
2023-03-14 10:19:27.645763,29.50,0.00,0.00,5.40
2023-03-14 10:19:29.923098,29.50,0.00,107.00,5.40
2023-03-14 10:19:32.118625,29.50,0.00,108.70,5.40
2023-03-14 10:19:34.450012,29.50,0.00,108.80,5.40
2023-03-14 10:19:36.679742,29.50,0.00,108.80,5.40
2023-03-14 10:19:38.976442,29.50,0.00,109.85,5.40
2023-03-14 10:19:41.190590,29.50,0.00,109.87,5.40
2023-03-14 10:19:43.497794,29.50,0.00,109.87,5.40
2023-03-14 10:19:45.723015,29.50,0.00,109.87,5.40
2023-03-14 10:19:48.048057,29.50,0.00,109.87,5.40
2023-03-14 10:19:50.231698,29.50,0.00,109.87,5.40
2023-03-14 10:19:52.412094,29.50,0.00,109.75,5.40
2023-03-14 10:19:54.702209,29.50,0.00,109.87,5.40
2023-03-14 10:19:56.890125,29.50,0.00,109.87,5.40
2023-03-14 10:19:59.140405,29.50,0.00,109.87,5.40
2023-03-14 10:20:00.841943,29.50,0.00,109.87,5.40
2023-03-14 10:20:03.075470,29.50,0.00,109.87,5.40
2023-03-14 10:20:05.261986,29.50,0.00,109.87,5.40
2023-03-14 10:20:07.482443,29.60,0.00,109.75,5.20
2023-03-14 10:20:09.752343,29.60,0.00,0.00,5.20
2023-03-14 10:20:12.087953,29.60,0.00,0.00,5.20
2023-03-14 10:20:14.338233,29.60,0.00,0.00,5.20
2023-03-14 10:20:16.684644,29.60,0.00,0.00,5.20
2023-03-14 10:20:18.879645,29.60,0.00,0.00,5.20
2023-03-14 10:20:21.105824,29.60,0.00,0.00,5.20
2023-03-14 10:20:23.401506,29.60,0.00,0.00,5.20
2023-03-14 10:20:25.631442,29.60,0.00,106.88,5.20
2023-03-14 10:20:27.922659,29.60,0.00,107.95,5.20
2023-03-14 10:20:30.136344,29.60,0.00,107.96,5.20
2023-03-14 10:20:32.416163,29.60,0.00,107.96,5.20
2023-03-14 10:20:34.623294,29.60,0.00,109.73,5.20
2023-03-14 10:20:36.964048,29.60,0.00,109.75,5.20
2023-03-14 10:20:39.141720,29.60,0.00,109.75,5.20
2023-03-14 10:20:41.418289,29.60,0.00,109.75,5.20
2023-03-14 10:20:43.605396,29.60,0.00,109.75,5.20
2023-03-14 10:20:45.910701,29.60,0.00,109.75,5.20
2023-03-14 10:20:48.117383,29.60,0.00,109.75,5.20
2023-03-14 10:20:50.346944,29.60,0.00,109.75,5.20
2023-03-14 10:20:52.644020,29.60,0.00,109.75,5.20
2023-03-14 10:20:54.894340,29.60,0.00,109.87,5.20
2023-03-14 10:20:57.192887,29.60,0.00,109.75,5.20
2023-03-14 10:20:59.467533,29.60,0.00,109.75,5.20
2023-03-14 10:21:01.792371,29.60,0.00,109.75,5.20
2023-03-14 10:21:03.964822,29.12,0.00,109.75,5.60
2023-03-14 10:21:06.295740,29.12,0.00,0.00,5.60
2023-03-14 10:21:08.526504,29.12,0.00,0.00,5.60
2023-03-14 10:21:10.873598,29.12,0.00,0.00,5.60
2023-03-14 10:21:13.076407,29.12,0.00,0.00,5.60
2023-03-14 10:21:15.313492,29.12,0.00,0.00,5.60
2023-03-14 10:21:17.604815,29.12,0.00,0.00,5.60
2023-03-14 10:21:19.862154,29.12,0.00,0.00,5.60
2023-03-14 10:21:22.171569,29.12,0.00,106.88,5.60
2023-03-14 10:21:24.430774,29.12,0.00,107.83,5.60
2023-03-14 10:21:26.820051,29.12,0.00,109.61,5.60
2023-03-14 10:21:29.130604,29.12,0.00,109.63,5.60
2023-03-14 10:21:31.426939,29.12,0.00,109.63,5.60
2023-03-14 10:21:33.569927,29.12,0.00,109.63,5.60
2023-03-14 10:21:35.885899,29.12,0.00,109.63,5.60
2023-03-14 10:21:38.074233,29.12,0.00,109.63,5.60
2023-03-14 10:21:40.312920,29.12,0.00,109.63,5.60
2023-03-14 10:21:42.537150,29.12,0.00,109.63,5.60
2023-03-14 10:21:44.691110,29.12,0.00,109.63,5.60
2023-03-14 10:21:46.932175,29.12,0.00,109.63,5.60
2023-03-14 10:21:49.187136,29.12,0.00,109.63,5.60
2023-03-14 10:21:51.487841,29.12,0.00,109.63,5.60
2023-03-14 10:21:53.697255,29.12,0.00,109.63,5.60
2023-03-14 10:21:55.906186,29.12,0.00,109.63,5.60
2023-03-14 10:21:58.070065,29.12,0.00,109.63,5.60
2023-03-14 10:22:00.476363,29.18,0.00,109.63,5.90
2023-03-14 10:22:03.092352,29.18,0.00,0.00,5.90
2023-03-14 10:22:05.589280,29.18,0.00,0.00,5.90
2023-03-14 10:22:07.791074,29.18,0.00,0.00,5.90
2023-03-14 10:22:10.088156,29.18,0.00,0.00,5.90
2023-03-14 10:22:12.305237,29.18,0.00,0.00,5.90
2023-03-14 10:22:14.523174,29.18,0.00,0.00,5.90
2023-03-14 10:22:16.867956,29.18,0.00,0.00,5.90
2023-03-14 10:22:19.093845,29.18,0.00,108.41,5.90
2023-03-14 10:22:21.376815,29.18,0.00,109.61,5.90
2023-03-14 10:22:23.607322,29.18,0.00,109.51,5.90
2023-03-14 10:22:25.855727,29.18,0.00,109.62,5.90
2023-03-14 10:22:28.058555,29.18,0.00,109.51,5.90
2023-03-14 10:22:30.343690,29.18,0.00,109.62,5.90
2023-03-14 10:22:32.493269,29.18,0.00,109.51,5.90
2023-03-14 10:22:34.788890,29.18,0.00,109.50,5.90
2023-03-14 10:22:37.027491,29.18,0.00,109.50,5.90
2023-03-14 10:22:39.288052,29.18,0.00,109.50,5.90
2023-03-14 10:22:41.598758,29.18,0.00,109.50,5.90
2023-03-14 10:22:43.859672,29.18,0.00,109.50,5.90
2023-03-14 10:22:46.172767,29.18,0.00,109.50,5.90
2023-03-14 10:22:48.412553,29.18,0.00,109.50,5.90
2023-03-14 10:22:50.747304,29.18,0.00,109.50,5.90
2023-03-14 10:22:52.932326,29.18,0.00,109.50,5.90
2023-03-14 10:22:55.268500,29.18,0.00,109.50,5.90
2023-03-14 10:22:57.508808,29.30,0.00,109.50,5.15
2023-03-14 10:22:59.798276,29.30,0.00,0.00,5.15
2023-03-14 10:23:01.976500,29.30,0.00,0.00,5.15
2023-03-14 10:23:04.236238,29.30,0.00,0.00,5.15
2023-03-14 10:23:06.416115,29.30,0.00,0.00,5.15
2023-03-14 10:23:08.636868,29.30,0.00,0.00,5.15
2023-03-14 10:23:10.921329,29.30,0.00,0.00,5.15
2023-03-14 10:23:13.132627,29.30,0.00,0.00,5.15
2023-03-14 10:23:15.472931,29.30,0.00,106.64,5.15
2023-03-14 10:23:17.691122,29.30,0.00,109.36,5.15
2023-03-14 10:23:19.992165,29.30,0.00,109.50,5.15
2023-03-14 10:23:22.197870,29.30,0.00,109.50,5.15
2023-03-14 10:23:24.515442,29.30,0.00,109.50,5.15
2023-03-14 10:23:26.723479,29.30,0.00,109.50,5.15
2023-03-14 10:23:28.987180,29.30,0.00,109.50,5.15
2023-03-14 10:23:31.244268,29.30,0.00,109.50,5.15
2023-03-14 10:23:33.532218,29.30,0.00,109.50,5.15
2023-03-14 10:23:35.728690,29.30,0.00,109.50,5.15
2023-03-14 10:23:37.943432,29.30,0.00,109.50,5.15
2023-03-14 10:23:40.198807,29.30,0.00,109.39,5.15
2023-03-14 10:23:42.424732,29.30,0.00,109.50,5.15
2023-03-14 10:23:44.743233,29.30,0.00,109.50,5.15
2023-03-14 10:23:46.987107,29.30,0.00,109.50,5.15
2023-03-14 10:23:49.348589,29.30,0.00,109.62,5.15
2023-03-14 10:23:51.567020,29.30,0.00,109.51,5.15
2023-03-14 10:23:53.832533,29.24,0.00,109.50,5.15
2023-03-14 10:23:55.998837,29.24,0.00,0.00,5.15
2023-03-14 10:23:59.137903,29.24,0.00,0.00,5.15
2023-03-14 10:24:01.422829,29.24,0.00,0.00,5.15
2023-03-14 10:24:03.671832,29.24,0.00,0.00,5.15
2023-03-14 10:24:05.978698,29.24,0.00,0.00,5.15
2023-03-14 10:24:08.194170,29.24,0.00,0.00,5.15
2023-03-14 10:24:10.498168,29.24,0.00,0.00,5.15
2023-03-14 10:24:12.750344,29.24,0.00,106.64,5.15
2023-03-14 10:24:15.063866,29.24,0.00,107.71,5.15
2023-03-14 10:24:17.305329,29.24,0.00,109.49,5.15
2023-03-14 10:24:19.580144,29.24,0.00,109.50,5.15
2023-03-14 10:24:22.058959,29.24,0.00,109.50,5.15
2023-03-14 10:24:24.377714,29.24,0.00,109.50,5.15
2023-03-14 10:24:26.564539,29.24,0.00,109.50,5.15
2023-03-14 10:24:28.876120,29.24,0.00,109.50,5.15
2023-03-14 10:24:31.068835,29.24,0.00,109.50,5.15
2023-03-14 10:24:33.269443,29.24,0.00,109.50,5.15
2023-03-14 10:24:35.622211,29.24,0.00,109.39,5.15
2023-03-14 10:24:37.814010,29.24,0.00,109.50,5.15
2023-03-14 10:24:40.135109,29.24,0.00,109.38,5.15
2023-03-14 10:24:42.369271,29.24,0.00,109.38,5.15
2023-03-14 10:24:44.649058,29.24,0.00,109.38,5.15
2023-03-14 10:24:46.917833,29.24,0.00,109.38,5.15
2023-03-14 10:24:49.217574,29.24,0.00,109.38,5.15
2023-03-14 10:24:51.456732,29.25,0.00,109.38,5.13
2023-03-14 10:24:53.768455,29.25,0.00,0.00,5.13
2023-03-14 10:24:56.039441,29.25,0.00,0.00,5.13
2023-03-14 10:24:58.374141,29.25,0.00,0.00,5.13
2023-03-14 10:25:00.575485,29.25,0.00,0.00,5.13
2023-03-14 10:25:02.847231,29.25,0.00,0.00,5.13
2023-03-14 10:25:05.092623,29.25,0.00,0.00,5.13
2023-03-14 10:25:07.354067,29.25,0.00,0.00,5.13
2023-03-14 10:25:09.653621,29.25,0.00,106.53,5.13
2023-03-14 10:25:11.837103,29.25,0.00,109.36,5.13
2023-03-14 10:25:14.109981,29.25,0.00,109.38,5.13
2023-03-14 10:25:16.296772,29.25,0.00,109.38,5.13
2023-03-14 10:25:18.624761,29.25,0.00,109.38,5.13
2023-03-14 10:25:20.876722,29.25,0.00,109.38,5.13
2023-03-14 10:25:23.184243,29.25,0.00,109.38,5.13
2023-03-14 10:25:25.427437,29.25,0.00,109.38,5.13
2023-03-14 10:25:27.619627,29.25,0.00,109.38,5.13
2023-03-14 10:25:29.878146,29.25,0.00,109.38,5.13
2023-03-14 10:25:32.119271,29.25,0.00,109.38,5.13
2023-03-14 10:25:34.366495,29.25,0.00,109.38,5.13
2023-03-14 10:25:36.581256,29.25,0.00,109.38,5.13
2023-03-14 10:25:38.843439,29.25,0.00,109.38,5.13
2023-03-14 10:25:41.043955,29.25,0.00,109.38,5.13
2023-03-14 10:25:43.302609,29.25,0.00,109.38,5.13
2023-03-14 10:25:45.477935,29.25,0.00,109.38,5.13
2023-03-14 10:25:47.725918,29.31,0.00,109.38,5.50
2023-03-14 10:25:49.944307,29.31,0.00,0.00,5.50
2023-03-14 10:25:52.178639,29.31,0.00,0.00,5.50
2023-03-14 10:25:54.361765,29.31,0.00,0.00,5.50
2023-03-14 10:25:56.561060,29.31,0.00,0.00,5.50
2023-03-14 10:25:58.843369,29.31,0.00,0.00,5.50
2023-03-14 10:26:01.071766,29.31,0.00,0.00,5.50
2023-03-14 10:26:03.321488,29.31,0.00,0.00,5.50
2023-03-14 10:26:05.524830,29.31,0.00,106.53,5.50
2023-03-14 10:26:07.827933,29.31,0.00,109.48,5.50
2023-03-14 10:26:10.076421,29.31,0.00,109.38,5.50
2023-03-14 10:26:12.363867,29.31,0.00,109.38,5.50
2023-03-14 10:26:14.540815,29.31,0.00,109.50,5.50
2023-03-14 10:26:16.883180,29.31,0.00,109.38,5.50
2023-03-14 10:26:19.097720,29.31,0.00,109.50,5.50
2023-03-14 10:26:21.337402,29.31,0.00,111.15,5.50
2023-03-14 10:26:23.584430,29.31,0.00,111.16,5.50
2023-03-14 10:26:25.802496,29.31,0.00,111.16,5.50
2023-03-14 10:26:28.123572,29.31,0.00,111.16,5.50
2023-03-14 10:26:30.407953,29.31,0.00,111.16,5.50
2023-03-14 10:26:32.741751,29.31,0.00,111.16,5.50
2023-03-14 10:26:34.945171,29.31,0.00,111.16,5.50
2023-03-14 10:26:37.291678,29.31,0.00,111.16,5.50
2023-03-14 10:26:39.480603,29.31,0.00,111.40,5.50
2023-03-14 10:26:41.788486,29.31,0.00,111.16,5.50
2023-03-14 10:26:44.009891,29.31,0.00,111.40,5.10
2023-03-14 10:26:46.378762,29.31,0.00,0.00,5.10
2023-03-14 10:26:48.621103,29.31,0.00,0.00,5.10
2023-03-14 10:26:50.858118,29.31,0.00,0.00,5.10
2023-03-14 10:26:53.120566,29.31,0.00,0.00,5.10
2023-03-14 10:26:55.345368,29.31,0.00,0.00,5.10
2023-03-14 10:26:57.667894,29.31,0.00,0.00,5.10
2023-03-14 10:27:00.398149,29.31,0.00,0.00,5.10
2023-03-14 10:27:02.789152,29.31,0.00,106.41,5.10
2023-03-14 10:27:05.227555,29.31,0.00,109.23,5.10
2023-03-14 10:27:07.547770,29.31,0.00,109.26,5.10
2023-03-14 10:27:09.778996,29.31,0.00,109.38,5.10
2023-03-14 10:27:12.059321,29.31,0.00,109.26,5.10
2023-03-14 10:27:14.258138,29.31,0.00,109.26,5.10
2023-03-14 10:27:16.547382,29.31,0.00,109.26,5.10
2023-03-14 10:27:18.741400,29.31,0.00,109.26,5.10
2023-03-14 10:27:20.972643,29.31,0.00,109.26,5.10
2023-03-14 10:27:23.264843,29.31,0.00,109.26,5.10
2023-03-14 10:27:25.501917,29.31,0.00,109.26,5.10
2023-03-14 10:27:28.115098,29.37,0.68,109.26,5.14
2023-03-14 10:27:30.320178,29.37,0.70,109.26,5.13
2023-03-14 10:27:32.918313,29.31,0.70,109.26,5.15
2023-03-14 10:27:35.109093,29.31,0.70,109.38,5.15
2023-03-14 10:27:37.595317,29.31,0.70,109.38,5.17
2023-03-14 10:27:39.800188,29.31,7.62,109.38,5.15
2023-03-14 10:27:42.089037,29.31,0.70,109.38,5.15
2023-03-14 10:27:44.335628,29.25,0.76,0.00,2340.13
2023-03-14 10:27:46.575336,29.18,0.69,0.00,28.54
2023-03-14 10:27:48.745768,29.18,0.68,0.00,5.40
2023-03-14 10:27:50.977335,29.18,0.69,0.00,5.18
2023-03-14 10:27:53.261926,29.18,0.68,0.00,5.17
2023-03-14 10:27:55.512463,29.24,0.68,0.00,5.19
2023-03-14 10:27:57.865692,29.24,0.67,0.00,5.23
2023-03-14 10:28:00.104059,29.24,0.67,110.17,5.19
2023-03-14 10:28:02.297503,29.25,0.67,111.28,5.19
2023-03-14 10:28:03.328332,29.25,0.67,113.50,5.19
2023-03-14 10:28:04.019878,29.25,0.67,113.70,5.19
2023-03-14 10:28:04.693419,29.25,0.67,113.70,5.19
2023-03-14 10:28:05.444164,29.25,0.69,113.70,5.19
2023-03-14 10:28:06.135107,29.19,0.70,113.70,5.19
2023-03-14 10:28:07.556555,29.18,0.70,113.19,5.17
2023-03-14 10:28:09.276090,29.18,0.70,113.19,5.17
2023-03-14 10:28:11.554107,29.18,0.70,113.19,5.17
2023-03-14 10:28:13.865487,29.18,0.70,113.19,5.17
2023-03-14 10:28:16.109288,29.18,0.70,113.19,5.17
2023-03-14 10:28:18.422111,29.18,0.70,113.19,5.17
2023-03-14 10:28:20.628254,29.18,0.70,113.31,5.17
2023-03-14 10:28:22.908569,29.18,0.70,113.44,5.17
2023-03-14 10:28:25.094640,29.18,0.70,113.44,5.17
2023-03-14 10:28:26.862817,29.18,0.70,113.44,5.17
2023-03-14 10:28:29.086168,29.60,0.00,113.44,5.90
2023-03-14 10:28:31.463850,29.60,0.00,0.00,5.90
2023-03-14 10:28:33.718949,29.60,0.00,0.00,5.90
2023-03-14 10:28:35.923234,29.60,0.00,0.00,5.90
2023-03-14 10:28:38.238823,29.60,0.00,0.00,5.90
2023-03-14 10:28:40.495366,29.60,0.00,0.00,5.90
2023-03-14 10:28:42.828766,29.60,0.00,0.00,5.90
2023-03-14 10:28:45.018771,29.60,0.00,0.00,5.90
2023-03-14 10:28:47.341587,29.60,0.00,105.22,5.90
2023-03-14 10:28:48.992134,29.60,0.00,108.50,5.11
2023-03-14 10:28:51.327084,29.60,0.00,108.80,5.11
2023-03-14 10:28:53.545716,29.60,0.00,108.80,5.11
2023-03-14 10:28:55.907519,29.60,0.00,108.80,5.11
2023-03-14 10:28:58.167547,29.60,0.00,108.80,5.11
2023-03-14 10:29:00.463445,29.60,0.00,108.80,5.11
2023-03-14 10:29:02.763080,29.60,0.00,108.80,5.11
2023-03-14 10:29:05.015558,29.60,0.00,108.80,5.11
2023-03-14 10:29:07.346934,29.60,0.00,108.80,5.11
2023-03-14 10:29:09.602412,29.60,0.00,108.80,5.11
2023-03-14 10:29:11.888091,29.60,0.00,108.80,5.11
2023-03-14 10:29:14.121549,29.60,0.00,108.80,5.11
2023-03-14 10:29:16.417775,29.60,0.00,108.80,5.11
2023-03-14 10:29:18.592889,29.60,0.00,108.80,5.11
2023-03-14 10:29:20.938831,29.60,0.00,108.80,5.40
2023-03-14 10:29:23.194559,29.60,0.00,108.80,5.40
2023-03-14 10:29:25.547869,29.60,0.00,108.80,5.40
2023-03-14 10:29:27.787175,29.60,0.10,0.00,2292.14
2023-03-14 10:29:30.032717,29.60,0.00,0.00,27.95
2023-03-14 10:29:32.351452,29.60,0.00,0.00,5.31
2023-03-14 10:29:34.618080,29.60,0.00,0.00,5.50
2023-03-14 10:29:36.939005,29.60,0.00,0.00,5.40
2023-03-14 10:29:39.131431,29.60,0.00,0.00,5.40
2023-03-14 10:29:41.468003,29.60,0.00,0.00,5.40
2023-03-14 10:29:43.746736,29.60,0.00,105.22,5.60
2023-03-14 10:29:46.079457,29.60,0.00,109.82,5.60
2023-03-14 10:29:48.326296,29.60,0.10,109.87,5.60
2023-03-14 10:29:50.655556,29.60,0.00,109.87,5.70
2023-03-14 10:29:52.940514,29.60,0.00,109.87,5.60
2023-03-14 10:29:55.259573,29.60,0.10,109.87,5.70
2023-03-14 10:29:57.533998,29.60,0.10,109.87,5.70
2023-03-14 10:29:59.715937,29.60,0.10,109.99,5.70
2023-03-14 10:30:02.049352,29.60,0.10,109.87,5.70
2023-03-14 10:30:04.280952,29.60,0.10,109.87,5.70
2023-03-14 10:30:06.603289,29.11,0.67,109.87,5.19
2023-03-14 10:30:08.839379,29.12,0.68,109.75,5.15
2023-03-14 10:30:11.126387,29.12,0.68,109.75,5.13
2023-03-14 10:30:13.377396,29.12,0.65,109.75,5.13
2023-03-14 10:30:15.718698,29.60,0.65,109.87,5.15
2023-03-14 10:30:17.978361,29.60,0.64,109.87,5.15
2023-03-14 10:30:20.324457,29.00,7.70,109.99,5.13
2023-03-14 10:30:22.534490,29.00,0.70,109.99,5.13
2023-03-14 10:30:24.801624,28.94,0.70,0.00,2322.25
2023-03-14 10:30:27.126128,28.93,0.64,0.00,28.47
2023-03-14 10:30:28.824467,28.99,0.64,0.00,5.36
2023-03-14 10:30:31.151964,28.99,0.64,0.00,5.13
2023-03-14 10:30:33.411326,28.99,0.64,0.00,5.13
2023-03-14 10:30:35.729706,29.00,0.65,0.00,5.13
2023-03-14 10:30:37.993820,29.00,0.64,0.00,5.13
2023-03-14 10:30:40.328047,29.00,0.64,108.89,5.13
2023-03-14 10:30:42.569341,28.94,0.64,109.98,5.30
2023-03-14 10:30:43.452823,28.99,0.64,109.99,5.11
2023-03-14 10:30:44.716930,28.94,0.64,111.76,5.28
2023-03-14 10:30:45.443963,28.94,0.64,111.78,5.28
2023-03-14 10:30:46.126832,28.93,0.63,111.90,5.28
2023-03-14 10:30:46.680219,28.93,0.64,111.91,5.28
2023-03-14 10:30:47.256380,28.93,0.64,111.91,5.32
2023-03-14 10:30:47.935670,28.99,0.64,111.78,5.11
2023-03-14 10:30:48.634940,29.60,0.64,111.66,5.11
2023-03-14 10:30:49.453012,29.60,0.64,111.66,5.11
2023-03-14 10:30:50.166532,29.60,0.64,111.66,5.13
2023-03-14 10:30:50.704346,29.12,0.64,111.53,5.11
2023-03-14 10:30:51.122983,29.12,0.64,111.53,5.90
2023-03-14 10:30:52.256982,29.60,0.64,111.53,5.70
2023-03-14 10:30:53.030571,29.60,0.64,111.66,5.70
2023-03-14 10:30:53.540808,29.60,0.64,111.66,5.70
2023-03-14 10:30:54.105436,29.60,0.00,111.66,5.70
2023-03-14 10:30:54.758927,29.60,0.00,0.00,5.70
2023-03-14 10:30:55.396751,29.60,0.00,0.00,5.70
2023-03-14 10:30:56.165356,29.60,0.00,0.00,5.70
2023-03-14 10:30:56.768759,29.60,0.00,0.00,5.70
2023-03-14 10:30:57.425015,29.60,0.00,0.00,5.70
2023-03-14 10:30:57.985968,29.60,0.00,0.00,5.70
2023-03-14 10:30:58.868428,29.60,0.00,0.00,5.70
2023-03-14 10:35:47.509790,29.37,0.00,98.54,4.81
2023-03-14 10:35:48.222935,29.37,0.00,98.54,4.80
2023-03-14 10:35:49.396566,29.31,0.00,98.65,4.78
2023-03-14 10:35:50.557151,29.37,0.00,98.54,4.80
2023-03-14 10:35:51.891044,29.31,0.00,98.54,4.78
2023-03-14 10:35:53.154975,29.31,0.00,98.65,4.80
2023-03-14 10:35:54.464751,29.31,0.10,98.65,4.78
2023-03-14 10:35:55.856973,29.31,0.10,98.65,4.80
2023-03-14 10:35:57.160181,29.31,0.21,98.65,4.78
2023-03-14 10:35:58.309027,29.31,0.00,98.65,4.84
2023-03-14 10:36:02.155518,29.31,0.30,0.00,2184.26
2023-03-14 10:36:03.372787,29.31,0.20,0.00,26.64
2023-03-14 10:36:04.654808,29.31,0.20,0.00,5.60
2023-03-14 10:36:05.876071,29.31,0.20,0.00,4.83
2023-03-14 10:36:07.182590,29.31,0.20,0.00,4.86
2023-03-14 10:36:08.411660,29.31,0.20,0.00,4.83
2023-03-14 10:36:09.708002,29.31,0.10,0.00,4.85
2023-03-14 10:36:10.942070,29.31,0.10,95.78,4.83
2023-03-14 10:36:12.197715,29.36,0.20,96.84,4.85
2023-03-14 10:36:13.479452,29.37,0.10,98.53,4.81
2023-03-14 10:36:14.690681,29.37,0.10,98.54,4.82
2023-03-14 10:36:15.924073,29.37,0.10,98.54,4.84
2023-03-14 10:36:17.143797,29.37,0.10,98.54,4.85
2023-03-14 10:36:18.445684,29.37,0.10,98.54,4.85
2023-03-14 10:36:19.673831,29.31,0.20,98.54,4.83
2023-03-14 10:36:20.992488,29.37,0.10,98.54,4.83
2023-03-14 10:36:22.175726,29.31,0.10,98.54,4.81
2023-03-14 10:36:23.471917,29.31,0.10,98.65,4.81
2023-03-14 10:36:24.733779,29.31,0.00,98.65,4.80
2023-03-14 10:36:25.953508,29.31,0.10,98.65,4.80
2023-03-14 10:36:27.232825,29.31,0.00,98.65,4.80
2023-03-14 10:36:28.496370,29.31,0.00,98.65,4.84
2023-03-14 10:36:29.715046,29.31,0.00,98.65,4.80
2023-03-14 10:36:30.945689,29.37,0.60,98.54,4.80
2023-03-14 10:36:32.248440,29.36,0.00,98.65,4.80
2023-03-14 10:36:36.116994,29.31,0.10,0.00,2184.24
2023-03-14 10:36:37.415256,29.31,0.00,0.00,26.60
2023-03-14 10:36:38.549785,29.31,0.00,0.00,5.20
2023-03-14 10:36:39.938519,29.31,0.00,0.00,4.81
2023-03-14 10:36:41.130559,29.31,0.00,0.00,4.78
2023-03-14 10:36:42.294363,29.31,0.00,0.00,4.80
2023-03-14 10:36:43.546218,29.31,0.00,0.00,4.78
2023-03-14 10:36:44.853360,29.31,0.00,95.89,4.80
2023-03-14 10:36:46.135945,29.31,0.00,96.85,4.78
2023-03-14 10:36:47.318182,29.31,0.00,96.86,4.78
2023-03-14 10:36:48.584080,29.31,0.10,98.63,4.78
2023-03-14 10:36:49.786084,29.31,0.10,98.65,4.78
2023-03-14 10:36:51.108250,29.31,0.20,98.65,4.78
2023-03-14 10:36:52.268976,29.31,0.20,98.65,4.78
2023-03-14 10:36:53.633446,29.31,0.20,98.65,4.77
2023-03-14 10:36:54.865677,29.31,0.30,98.65,4.78
2023-03-14 10:36:56.023507,29.30,0.20,98.76,4.78
2023-03-14 10:36:57.308191,29.31,0.20,98.65,4.82
2023-03-14 10:36:58.583293,29.31,0.20,98.65,4.80
2023-03-14 10:36:59.857732,29.31,0.20,98.65,4.80
2023-03-14 10:37:01.079599,29.25,0.20,98.65,4.80
2023-03-14 10:37:02.338774,29.30,0.20,98.76,4.82
2023-03-14 10:37:03.563646,29.31,0.20,98.65,4.82
2023-03-14 10:37:04.838753,29.31,0.36,98.65,4.80
2023-03-14 10:37:06.073357,29.31,0.00,98.65,4.80
2023-03-14 10:37:09.907528,29.31,0.40,0.00,2164.34
2023-03-14 10:37:11.173097,29.31,0.30,0.00,26.40
2023-03-14 10:37:12.426563,29.31,0.30,0.00,5.20
2023-03-14 10:37:13.766937,29.31,0.20,0.00,4.82
2023-03-14 10:37:14.919092,29.31,0.30,0.00,4.80
2023-03-14 10:37:16.160241,29.31,0.20,0.00,4.82
2023-03-14 10:37:17.428524,29.36,0.20,0.00,4.81
2023-03-14 10:37:18.726159,29.31,0.20,95.89,4.82
2023-03-14 10:37:20.016164,29.31,0.20,96.85,4.82
2023-03-14 10:37:21.160921,29.37,0.10,98.53,4.84
2023-03-14 10:37:22.385949,29.31,0.10,98.65,4.83
2023-03-14 10:37:23.712245,29.37,0.00,98.54,4.83
2023-03-14 10:37:24.912678,29.37,0.10,98.54,4.83
2023-03-14 10:37:26.142896,29.37,0.00,98.54,4.85
2023-03-14 10:37:27.463520,29.31,0.10,98.54,4.85
2023-03-14 10:37:28.636436,29.37,0.00,98.54,4.83
2023-03-14 10:37:29.967849,29.37,0.00,98.54,4.83
2023-03-14 10:37:31.147740,29.37,0.00,98.54,4.84
2023-03-14 10:37:32.450908,29.37,0.00,98.54,4.85
2023-03-14 10:37:33.686018,29.37,0.00,98.54,4.85
2023-03-14 10:37:34.963141,29.37,0.00,98.54,4.85
2023-03-14 10:37:36.191600,29.37,0.00,98.54,4.85
2023-03-14 10:37:37.466749,29.37,0.00,98.54,4.85
2023-03-14 10:37:38.685455,29.43,0.00,98.44,4.87
2023-03-14 10:37:40.013549,29.37,0.00,98.54,4.87
2023-03-14 10:37:43.718902,29.43,0.00,0.00,2214.20
2023-03-14 10:37:45.044709,29.43,0.00,0.00,26.96
2023-03-14 10:37:46.324230,29.43,0.00,0.00,5.11
2023-03-14 10:37:47.499281,29.43,0.00,0.00,4.87
2023-03-14 10:37:48.782242,29.43,0.00,0.00,4.89
2023-03-14 10:37:50.016858,29.43,0.00,0.00,4.87
2023-03-14 10:37:51.342373,29.43,0.00,0.00,4.87
2023-03-14 10:37:52.496441,29.49,0.00,97.45,4.87
2023-03-14 10:37:53.794799,29.49,0.00,98.42,4.87
2023-03-14 10:37:54.986182,29.49,0.00,98.33,4.85
2023-03-14 10:37:56.310131,29.43,0.00,98.43,4.85
2023-03-14 10:37:57.555950,29.43,0.00,98.43,4.85
2023-03-14 10:37:58.786676,29.49,0.00,98.33,4.85
2023-03-14 10:38:00.088487,29.44,0.00,98.33,4.85
2023-03-14 10:38:01.281517,29.44,0.00,100.10,4.87
2023-03-14 10:38:02.654697,29.49,0.00,100.11,4.87
2023-03-14 10:38:03.831643,29.49,0.00,100.11,4.87
2023-03-14 10:38:05.150462,29.50,0.00,100.11,4.89
2023-03-14 10:38:06.309357,29.50,0.00,100.11,4.89
2023-03-14 10:38:07.610435,29.50,0.00,100.11,4.91
2023-03-14 10:38:08.818421,29.50,0.00,100.11,4.89
2023-03-14 10:38:10.121494,29.50,0.00,100.11,4.87
2023-03-14 10:38:11.330002,29.50,0.00,100.11,4.89
2023-03-14 10:38:12.692041,29.50,0.00,100.11,4.89
2023-03-14 10:38:13.820781,29.50,0.00,100.11,4.93
2023-03-14 10:38:17.677135,29.50,0.00,0.00,4.93
2023-03-14 10:38:18.903553,29.50,0.00,0.00,27.90
2023-03-14 10:38:20.156335,29.50,0.00,0.00,27.90
2023-03-14 10:38:21.394628,29.50,0.00,0.00,27.90
2023-03-14 10:38:22.714487,29.50,0.00,0.00,27.90
2023-03-14 10:38:23.931359,29.50,0.00,0.00,27.90
2023-03-14 10:38:25.101443,29.50,0.00,0.00,27.90
2023-03-14 10:38:26.405239,29.50,0.00,95.67,27.90
2023-03-14 10:38:27.672495,29.50,0.00,96.63,27.90
2023-03-14 10:38:28.921856,29.50,0.00,96.64,27.90
2023-03-14 10:38:30.155801,29.50,0.00,98.42,27.90
2023-03-14 10:38:31.456056,29.50,0.00,98.43,27.90
2023-03-14 10:38:32.753525,29.50,0.00,98.43,27.90
2023-03-14 10:38:34.034118,29.50,0.00,98.43,27.90
2023-03-14 10:38:35.177920,29.50,0.00,98.54,27.90
2023-03-14 10:38:36.431835,29.50,0.00,98.44,27.90
2023-03-14 10:38:37.904330,29.50,0.00,98.43,27.90
2023-03-14 10:38:38.934482,29.50,0.00,98.43,27.90
2023-03-14 10:38:40.234256,29.50,0.00,98.43,27.90
2023-03-14 10:38:41.461857,29.50,0.00,98.43,27.90
2023-03-14 10:38:42.762749,29.50,0.00,98.43,27.90
2023-03-14 10:38:44.022522,29.50,0.00,98.43,27.90
2023-03-14 10:38:45.283511,29.50,0.00,98.54,27.90
2023-03-14 10:38:46.383194,29.50,0.00,98.44,27.90
2023-03-14 10:38:48.412413,29.43,0.00,98.43,4.89
2023-03-14 10:38:51.614041,29.43,0.00,0.00,4.89
2023-03-14 10:38:52.768084,29.43,0.00,0.00,4.89
2023-03-14 10:38:53.986468,29.43,0.00,0.00,4.89
2023-03-14 10:38:55.400168,29.43,0.00,0.00,4.89
2023-03-14 10:38:56.569440,29.43,0.00,0.00,4.89
2023-03-14 10:38:58.063087,29.43,0.00,0.00,4.89
2023-03-14 10:38:59.006541,29.43,0.00,0.00,4.89
2023-03-14 10:39:00.263847,29.43,0.00,95.67,4.89
2023-03-14 10:39:01.591574,29.43,0.00,98.41,4.89
2023-03-14 10:39:02.744773,29.43,0.00,98.43,4.89
2023-03-14 10:39:04.058454,29.43,0.00,98.43,4.89
2023-03-14 10:39:05.260256,29.49,0.00,98.33,4.85
2023-03-14 10:39:06.483978,29.50,0.00,98.33,4.91
2023-03-14 10:39:07.861643,29.50,0.00,98.33,4.91
2023-03-14 10:39:09.011894,29.50,0.00,98.33,4.91
2023-03-14 10:39:10.442376,29.50,0.00,98.43,4.91
2023-03-14 10:39:11.454904,29.49,0.00,98.33,4.94
2023-03-14 10:39:13.048565,29.49,0.00,98.33,4.94
2023-03-14 10:39:13.844553,29.50,0.00,98.33,4.91
2023-03-14 10:39:15.281106,29.43,0.00,98.43,4.91
2023-03-14 10:39:16.646407,29.49,0.00,98.33,4.91
2023-03-14 10:39:17.806788,29.49,0.00,98.33,4.91
2023-03-14 10:39:19.261655,29.50,0.00,98.33,4.94
2023-03-14 10:39:20.328274,29.50,0.00,98.33,4.94
2023-03-14 10:39:21.840410,29.44,0.00,98.33,4.93
2023-03-14 10:39:25.380996,29.44,0.00,0.00,4.93
2023-03-14 10:39:26.623518,29.44,0.00,0.00,4.93
2023-03-14 10:39:28.073356,29.44,0.00,0.00,4.93
2023-03-14 10:39:29.066130,29.50,0.00,0.00,4.92
2023-03-14 10:39:30.352768,29.50,0.00,0.00,4.92
2023-03-14 10:39:31.692437,29.50,0.00,0.00,4.91
2023-03-14 10:39:32.826931,29.50,0.00,0.00,4.91
2023-03-14 10:39:34.342421,29.55,0.00,95.57,4.94
2023-03-14 10:39:35.351959,29.56,0.00,98.19,4.94
2023-03-14 10:39:36.658702,29.56,0.00,98.22,4.94
2023-03-14 10:39:37.859072,29.55,0.00,98.32,4.96
2023-03-14 10:39:39.133786,29.56,0.00,98.22,4.94
2023-03-14 10:39:40.449630,29.56,0.00,98.22,4.91
2023-03-14 10:39:41.643584,29.56,0.00,98.22,4.91
2023-03-14 10:39:43.058012,29.50,0.00,98.32,4.90
2023-03-14 10:39:44.177941,29.50,0.00,98.33,4.90
2023-03-14 10:39:45.653497,29.50,0.00,98.43,4.90
2023-03-14 10:39:46.691116,29.50,0.00,98.43,4.90
2023-03-14 10:39:47.895630,29.50,0.00,98.54,4.90
2023-03-14 10:39:49.258614,29.50,0.00,98.54,4.90
2023-03-14 10:39:50.435557,29.50,0.00,98.54,4.90
2023-03-14 10:39:51.878972,29.50,0.00,98.54,4.90
2023-03-14 10:39:52.973739,29.50,0.00,98.54,4.90
2023-03-14 10:39:54.161026,29.50,0.00,98.54,4.90
2023-03-14 10:39:55.554489,29.38,0.00,98.44,4.89
2023-03-14 10:39:59.257958,29.38,0.00,0.00,4.89
2023-03-14 10:40:00.557030,29.38,0.00,0.00,4.89
2023-03-14 10:40:01.772479,29.38,0.00,0.00,4.89
2023-03-14 10:40:03.056787,29.38,0.00,0.00,4.89
2023-03-14 10:40:04.552242,29.38,0.00,0.00,4.89
2023-03-14 10:40:05.617574,29.38,0.00,0.00,4.89
2023-03-14 10:40:06.779972,29.38,0.00,0.00,4.89
2023-03-14 10:40:08.203804,29.38,0.00,95.67,4.89
2023-03-14 10:40:09.234593,29.38,0.00,98.41,4.89
2023-03-14 10:40:10.440131,29.38,0.00,98.43,4.89
2023-03-14 10:40:11.808355,29.38,0.00,98.43,4.89
2023-03-14 10:40:13.008374,29.38,0.00,98.43,4.89
2023-03-14 10:40:14.380799,29.38,0.00,98.33,4.89
2023-03-14 10:40:15.508844,29.38,0.00,98.43,4.89
2023-03-14 10:40:16.699632,29.38,0.00,98.43,4.89
2023-03-14 10:40:18.043510,29.38,0.00,98.33,4.89
2023-03-14 10:40:19.252543,29.38,0.00,98.33,4.89
2023-03-14 10:40:20.593065,29.38,0.00,98.33,4.89
2023-03-14 10:40:21.770368,29.38,0.00,98.33,4.89
2023-03-14 10:40:23.220213,29.38,0.00,98.43,4.89
2023-03-14 10:40:24.343821,29.38,0.00,98.33,4.89
2023-03-14 10:40:25.790456,29.44,0.00,98.33,4.87
2023-03-14 10:40:26.807436,29.44,0.00,98.43,4.87
2023-03-14 10:40:28.057297,29.44,0.00,98.54,4.87
2023-03-14 10:40:29.452605,29.37,0.00,98.54,4.85
2023-03-14 10:40:33.081918,29.37,0.00,0.00,4.85
2023-03-14 10:40:34.469658,29.37,0.00,0.00,4.85
2023-03-14 10:40:35.582659,29.37,0.00,0.00,4.85
2023-03-14 10:40:37.031720,29.37,0.00,0.00,4.85
2023-03-14 10:40:38.060705,29.37,0.00,0.00,4.85
2023-03-14 10:40:39.484547,29.37,0.00,0.00,4.85
2023-03-14 10:40:40.795853,29.37,0.00,0.00,4.85
2023-03-14 10:40:41.892208,29.37,0.00,94.11,4.85
2023-03-14 10:40:43.422964,29.37,0.00,96.83,4.85
2023-03-14 10:40:44.398344,29.37,0.00,96.86,4.85
2023-03-14 10:40:45.604925,29.37,0.00,96.86,4.85
2023-03-14 10:40:47.101521,29.37,0.00,96.86,4.85
2023-03-14 10:40:48.150716,29.37,0.00,96.86,4.85
2023-03-14 10:40:49.614937,29.37,0.00,96.86,4.85
2023-03-14 10:40:50.640178,29.37,0.00,96.86,4.85
2023-03-14 10:40:51.875225,29.37,0.00,96.86,4.85
2023-03-14 10:40:53.271290,29.37,0.00,96.86,4.85
2023-03-14 10:40:54.822233,29.37,0.00,96.86,4.85
2023-03-14 10:40:55.809014,29.37,0.00,96.86,4.85
2023-03-14 10:40:56.846600,29.37,0.00,96.86,4.85
2023-03-14 10:40:58.293193,29.37,0.00,96.86,4.85
2023-03-14 10:40:59.615752,29.37,0.00,96.96,4.85
2023-03-14 10:41:00.723372,29.31,0.00,96.86,4.83
2023-03-14 10:41:02.150286,29.31,0.00,96.86,4.83
2023-03-14 10:41:03.135883,29.31,0.00,96.86,4.85
2023-03-14 10:41:06.919194,29.37,0.00,0.00,2204.30
2023-03-14 10:41:08.256351,29.37,0.00,0.00,2204.30
2023-03-14 10:41:09.551200,29.37,0.00,0.00,2204.30
2023-03-14 10:41:10.670245,29.37,0.00,0.00,2204.30
2023-03-14 10:41:12.133479,29.37,0.00,0.00,4.87
2023-03-14 10:41:13.228080,29.37,0.00,0.00,4.85
2023-03-14 10:41:14.531157,29.37,0.00,0.00,4.85
2023-03-14 10:41:15.799289,29.31,0.00,95.89,4.86
2023-03-14 10:41:16.973553,29.31,0.00,96.85,4.83
2023-03-14 10:41:18.331450,29.31,0.00,96.86,4.83
2023-03-14 10:41:19.483680,29.25,0.10,96.86,4.83
2023-03-14 10:41:20.924483,29.25,0.00,96.96,4.83
2023-03-14 10:41:21.965598,29.25,0.00,96.96,4.80
2023-03-14 10:41:23.435806,29.18,0.10,97.70,4.80
2023-03-14 10:41:24.556428,29.18,0.10,97.70,4.80
2023-03-14 10:41:25.717131,29.18,0.20,97.70,4.80
2023-03-14 10:41:27.041976,29.18,0.20,97.70,4.80
2023-03-14 10:41:28.195110,29.18,0.20,97.70,4.78
2023-03-14 10:41:29.345740,29.18,0.20,97.70,4.84
2023-03-14 10:41:30.542880,29.18,0.30,97.70,4.81
2023-03-14 10:41:31.753836,29.18,0.30,97.70,4.84
2023-03-14 10:41:33.220872,29.18,0.30,97.70,4.83
2023-03-14 10:41:34.587235,29.18,0.30,97.18,4.83
2023-03-14 10:41:35.553954,29.18,0.39,97.70,4.81
2023-03-14 10:41:37.106344,29.18,0.00,97.70,4.81
2023-03-14 10:41:40.595096,29.12,0.30,0.00,2184.24
2023-03-14 10:41:42.109206,29.13,0.20,0.00,26.60
2023-03-14 10:41:43.294743,29.13,0.30,0.00,5.40
2023-03-14 10:41:44.651329,29.18,0.40,0.00,4.83
2023-03-14 10:41:45.841136,29.18,0.40,0.00,4.83
2023-03-14 10:41:47.082586,29.18,0.30,0.00,4.78
2023-03-14 10:41:48.333546,29.18,0.40,0.00,4.80
2023-03-14 10:41:49.659158,29.18,0.40,94.32,4.78
2023-03-14 10:41:50.857525,29.18,0.40,97.40,4.80
2023-03-14 10:41:52.101363,29.18,0.30,97.70,4.80
2023-03-14 10:41:53.431085,29.18,0.30,97.70,4.82
2023-03-14 10:41:54.613638,29.18,0.30,97.70,4.80
2023-03-14 10:41:55.909669,29.18,0.30,97.70,4.82
2023-03-14 10:41:57.088815,29.18,0.30,97.70,4.80
2023-03-14 10:41:58.359665,29.18,0.20,97.70,4.80
2023-03-14 10:41:59.627292,29.18,0.30,97.70,4.80
2023-03-14 10:42:00.896785,29.18,0.30,97.70,4.80
2023-03-14 10:42:02.101925,29.18,0.20,97.70,4.78
2023-03-14 10:42:03.392423,29.18,0.30,97.70,4.79
2023-03-14 10:42:04.666016,29.18,0.30,97.70,4.80
2023-03-14 10:42:05.900803,29.18,0.30,97.70,4.78
2023-03-14 10:42:07.122945,29.18,0.30,97.70,4.80
2023-03-14 10:42:08.333334,29.18,0.30,97.70,4.78
2023-03-14 10:42:09.659777,29.18,0.42,97.70,4.80
2023-03-14 10:42:10.890005,29.18,0.00,97.70,4.78
2023-03-14 10:42:14.718259,29.18,0.40,0.00,2156.29
2023-03-14 10:42:15.960249,29.18,0.40,0.00,26.30
2023-03-14 10:42:17.236053,29.18,0.40,0.00,5.00
2023-03-14 10:42:18.423099,29.18,0.40,0.00,4.78
2023-03-14 10:42:19.737536,29.18,0.50,0.00,4.76
2023-03-14 10:42:20.952874,29.24,0.50,0.00,4.78
2023-03-14 10:42:22.307635,29.18,0.50,0.00,4.78
2023-03-14 10:42:23.431676,29.18,0.60,96.10,4.78
2023-03-14 10:42:24.681432,29.18,0.60,97.60,4.77
2023-03-14 10:42:25.957368,29.18,0.50,97.70,4.78
2023-03-14 10:42:27.232999,29.18,0.50,97.70,4.76
2023-03-14 10:42:28.529985,29.18,0.50,97.70,4.78
2023-03-14 10:42:29.733740,29.18,0.60,97.70,4.78
2023-03-14 10:42:31.021073,29.18,0.50,97.70,4.80
2023-03-14 10:42:32.253672,29.18,0.50,97.70,4.80
2023-03-14 10:42:33.510247,29.18,0.50,97.70,4.80
2023-03-14 10:42:34.732062,29.18,0.50,97.70,4.80
2023-03-14 10:42:36.089042,29.18,0.40,97.70,4.82
2023-03-14 10:42:37.261061,29.24,0.40,97.70,4.82
2023-03-14 10:42:38.509150,29.24,0.40,97.70,4.84
2023-03-14 10:42:39.767816,29.24,0.50,97.70,4.85
2023-03-14 10:42:41.002947,29.24,0.50,96.96,4.87
2023-03-14 10:42:42.262992,29.19,0.40,96.96,4.87
2023-03-14 10:42:43.549447,29.24,0.42,96.96,4.91
2023-03-14 10:42:44.807723,29.24,0.00,96.96,4.91
2023-03-14 10:42:48.579355,29.25,0.20,0.00,2204.32
2023-03-14 10:42:49.895327,29.25,0.20,0.00,26.89
2023-03-14 10:42:51.107189,29.25,0.10,0.00,5.11
2023-03-14 10:42:52.346305,29.25,0.10,0.00,4.89
2023-03-14 10:42:53.546529,29.31,0.00,0.00,4.91
2023-03-14 10:42:54.940675,29.31,0.00,0.00,4.95
2023-03-14 10:42:56.086917,29.31,0.00,0.00,4.89
2023-03-14 10:42:57.333468,29.36,0.00,95.89,4.91
2023-03-14 10:42:58.637254,29.31,0.10,98.63,4.91
2023-03-14 10:42:59.826669,29.37,0.10,98.54,4.93
2023-03-14 10:43:01.176786,29.37,0.10,98.54,4.94
2023-03-14 10:43:02.316860,29.43,0.10,98.54,4.94
2023-03-14 10:43:03.629395,29.43,0.10,98.54,4.93
2023-03-14 10:43:04.868762,29.43,0.10,98.44,4.94
2023-03-14 10:43:06.155109,29.43,0.00,98.43,4.95
2023-03-14 10:43:07.327956,29.43,0.00,98.43,4.97
2023-03-14 10:43:08.645975,29.43,0.00,98.43,4.96
2023-03-14 10:43:09.839794,29.43,0.00,98.33,4.96
2023-03-14 10:43:11.126407,29.43,0.00,98.33,4.96
2023-03-14 10:43:12.327276,29.43,0.00,98.33,4.96
2023-03-14 10:43:13.631905,29.43,0.00,98.33,4.96
2023-03-14 10:43:14.996728,29.43,0.00,98.33,4.96
2023-03-14 10:43:16.090344,29.43,0.00,98.33,4.96
2023-03-14 10:43:17.403139,29.43,0.00,98.22,4.96
2023-03-14 10:43:18.651472,29.61,0.00,98.22,5.00
2023-03-14 10:43:22.434109,29.61,0.00,0.00,5.00
2023-03-14 10:43:23.720330,29.61,0.00,0.00,5.00
2023-03-14 10:43:24.760004,29.61,0.00,0.00,5.00
2023-03-14 10:43:26.011394,29.61,0.00,0.00,5.00
2023-03-14 10:43:27.237962,29.61,0.00,0.00,5.00
2023-03-14 10:43:28.702589,29.61,0.00,0.00,5.00
2023-03-14 10:43:29.964990,29.61,0.00,0.00,5.00
2023-03-14 10:43:31.175235,29.61,0.00,93.59,5.00
2023-03-14 10:43:32.407378,29.61,0.00,96.29,5.00
2023-03-14 10:43:33.740332,29.61,0.00,96.32,5.00
2023-03-14 10:43:34.945685,29.61,0.00,96.22,5.00
2023-03-14 10:43:36.239620,29.61,0.00,96.21,5.00
2023-03-14 10:43:37.456072,29.61,0.00,96.32,5.00
2023-03-14 10:43:38.609226,29.61,0.00,96.32,5.00
2023-03-14 10:43:39.778447,29.61,0.00,96.32,5.00
2023-03-14 10:43:41.254908,29.61,0.00,96.43,5.00
2023-03-14 10:43:42.495941,29.61,0.00,96.43,5.00
2023-03-14 10:43:43.852555,29.61,0.00,96.53,5.00
2023-03-14 10:43:44.990652,29.61,0.00,96.53,5.00
2023-03-14 10:43:46.059440,29.61,0.00,96.53,5.00
2023-03-14 10:43:47.560881,29.61,0.00,96.53,5.00
2023-03-14 10:43:48.813431,29.61,0.00,96.64,5.00
2023-03-14 10:43:50.043805,29.61,0.00,96.64,5.00
2023-03-14 10:43:51.316856,29.61,0.00,96.64,5.00
2023-03-14 10:43:52.497510,29.43,0.00,96.64,4.83
2023-03-14 10:43:56.072316,29.43,0.00,0.00,4.83
2023-03-14 10:43:57.636864,29.43,0.00,0.00,4.83
2023-03-14 10:43:58.762825,29.43,0.00,0.00,4.83
2023-03-14 10:44:00.081043,29.43,0.00,0.00,4.83
2023-03-14 10:44:01.329624,29.43,0.00,0.00,4.83
2023-03-14 10:44:02.617965,29.43,0.00,0.00,4.83
2023-03-14 10:44:03.948007,29.43,0.00,0.00,4.83
2023-03-14 10:44:05.043704,29.43,0.00,94.11,4.83
2023-03-14 10:44:06.395570,29.25,0.00,95.50,4.83
2023-03-14 10:44:07.386642,29.25,0.00,96.94,4.85
2023-03-14 10:44:08.849996,29.25,0.00,96.96,4.83
2023-03-14 10:44:10.077587,29.25,0.00,96.96,4.85
2023-03-14 10:44:11.350085,29.25,0.00,96.96,4.87
2023-03-14 10:44:12.582207,29.31,0.10,96.86,4.89
2023-03-14 10:44:13.950081,29.31,0.10,96.86,4.89
2023-03-14 10:44:15.118536,29.25,0.00,96.86,4.91
2023-03-14 10:44:16.387853,29.31,0.00,96.86,4.85
2023-03-14 10:44:17.624342,29.25,0.00,96.86,4.87
2023-03-14 10:44:18.867217,29.25,0.00,96.96,4.89
2023-03-14 10:44:20.108301,29.25,0.00,96.96,4.87
2023-03-14 10:44:21.350368,29.25,0.00,96.96,4.85
2023-03-14 10:44:22.687201,29.25,0.00,96.96,4.85
2023-03-14 10:44:23.869629,29.25,0.00,96.96,4.83
2023-03-14 10:44:25.174756,29.25,0.00,96.96,4.83
2023-03-14 10:44:26.378365,29.25,0.00,96.96,4.83
2023-03-14 10:44:30.199730,29.25,0.10,0.00,2204.30
2023-03-14 10:44:31.467823,29.31,0.00,0.00,26.86
2023-03-14 10:44:32.675213,29.31,0.00,0.00,5.90
2023-03-14 10:44:33.956290,29.31,0.00,0.00,5.90
2023-03-14 10:44:35.280488,29.31,0.00,0.00,5.90
2023-03-14 10:44:36.463011,29.31,0.00,0.00,5.90
2023-03-14 10:44:37.701833,29.25,0.00,0.00,4.87
2023-03-14 10:44:38.897256,29.31,0.00,95.89,4.87
2023-03-14 10:44:40.244111,29.25,0.00,96.85,4.85
2023-03-14 10:44:41.431359,29.30,0.00,96.96,4.87
2023-03-14 10:44:42.713877,29.25,0.00,98.64,4.85
2023-03-14 10:44:43.953280,29.31,0.00,98.65,4.89
2023-03-14 10:44:45.175984,29.31,0.00,98.65,4.87
2023-03-14 10:44:46.452637,29.31,0.00,98.65,4.89
2023-03-14 10:44:47.663706,29.31,0.00,98.65,4.89
2023-03-14 10:44:48.986007,29.31,0.00,98.65,4.89
2023-03-14 10:44:50.333640,29.31,0.00,98.65,4.89
2023-03-14 10:44:51.523195,29.31,0.00,98.65,4.89
2023-03-14 10:44:52.758046,29.31,0.00,98.65,4.89
2023-03-14 10:44:53.961213,29.31,0.00,98.65,4.89
2023-03-14 10:44:55.335792,29.31,0.00,98.65,4.89
2023-03-14 10:44:56.461511,29.31,0.00,98.65,4.89
2023-03-14 10:44:57.734583,29.31,0.00,98.65,4.89
2023-03-14 10:44:58.927548,29.31,0.00,98.65,4.89
2023-03-14 10:45:00.302729,29.31,0.00,98.65,4.85
2023-03-14 10:45:03.994634,29.31,0.00,0.00,2184.24
2023-03-14 10:45:05.301576,29.31,0.00,0.00,26.64
2023-03-14 10:45:06.542121,29.31,0.00,0.00,5.80
2023-03-14 10:45:07.822004,29.31,0.00,0.00,5.80
2023-03-14 10:45:09.033103,29.31,0.00,0.00,4.82
2023-03-14 10:45:10.357706,29.31,0.00,0.00,4.82
2023-03-14 10:45:11.528031,29.31,0.00,0.00,4.84
2023-03-14 10:45:12.787914,29.25,0.00,95.89,4.83
2023-03-14 10:45:14.048738,29.25,0.00,96.95,4.83
2023-03-14 10:45:15.249374,29.25,0.00,96.96,4.83
2023-03-14 10:45:16.572276,29.25,0.00,96.96,4.83
2023-03-14 10:45:17.907382,29.25,0.00,96.96,4.83
2023-03-14 10:45:19.125446,29.25,0.00,96.96,4.83
2023-03-14 10:45:20.377759,29.19,0.00,96.96,4.82
2023-03-14 10:45:21.563362,29.18,0.00,97.70,4.82
2023-03-14 10:45:22.803267,29.13,0.00,97.70,4.85
2023-03-14 10:45:24.117365,29.12,0.00,97.18,4.85
2023-03-14 10:45:25.349800,29.12,0.00,97.18,4.85
2023-03-14 10:45:26.622296,29.18,0.00,97.18,4.85
2023-03-14 10:45:27.836269,29.18,0.00,97.70,4.85
2023-03-14 10:45:29.125990,29.18,0.00,97.70,4.87
2023-03-14 10:45:30.377033,29.18,0.00,97.70,4.85
2023-03-14 10:45:31.579160,29.18,0.00,97.70,4.83
2023-03-14 10:45:32.900347,29.18,0.12,97.70,4.85
2023-03-14 10:45:34.139869,29.18,0.00,97.70,4.83
2023-03-14 10:45:37.716845,29.18,0.00,0.00,2194.30
2023-03-14 10:45:38.952368,29.18,0.00,0.00,2194.30
2023-03-14 10:45:40.443183,29.18,0.00,0.00,2194.30
2023-03-14 10:45:41.662188,29.18,0.00,0.00,4.87
2023-03-14 10:45:42.988612,29.18,0.00,0.00,4.85
2023-03-14 10:45:44.149143,29.18,0.00,0.00,4.83
2023-03-14 10:45:45.396020,29.18,0.00,0.00,4.83
2023-03-14 10:45:46.722782,29.18,0.00,94.32,4.81
2023-03-14 10:45:47.871424,29.18,0.00,97.40,4.85
2023-03-14 10:45:49.287125,29.18,0.00,97.70,4.83
2023-03-14 10:45:50.458193,29.18,0.00,97.70,4.87
2023-03-14 10:45:51.702873,29.24,0.00,96.96,4.89
2023-03-14 10:45:52.895300,29.31,0.00,96.86,4.89
2023-03-14 10:45:54.199494,29.25,0.00,96.86,4.89
2023-03-14 10:45:55.240269,29.25,0.00,96.96,4.89
2023-03-14 10:45:56.583733,29.19,0.00,96.96,4.85
2023-03-14 10:45:57.924011,29.18,0.00,97.70,4.85
2023-03-14 10:45:59.282912,29.18,0.10,97.70,4.83
2023-03-14 10:46:00.446520,29.18,0.10,97.70,4.83
2023-03-14 10:46:01.693716,29.18,0.00,97.70,4.84
2023-03-14 10:46:02.963166,29.18,0.10,97.70,4.83
2023-03-14 10:46:04.202690,29.18,0.00,97.70,4.85
2023-03-14 10:46:05.491039,29.18,0.00,97.70,4.85
2023-03-14 10:46:06.700769,29.24,0.12,97.70,4.87
2023-03-14 10:46:07.993783,29.24,0.00,97.70,4.85
2023-03-14 10:46:11.777938,29.25,0.20,0.00,2204.28
2023-03-14 10:46:13.118128,29.25,0.10,0.00,26.84
2023-03-14 10:46:14.244897,29.25,0.10,0.00,5.90
2023-03-14 10:46:15.603019,29.30,0.10,0.00,4.87
2023-03-14 10:46:16.772801,29.25,0.10,0.00,4.83
2023-03-14 10:46:18.101438,29.30,0.00,0.00,4.87
2023-03-14 10:46:19.256243,29.30,0.00,0.00,4.87
2023-03-14 10:46:20.591427,29.25,0.00,95.89,4.85
2023-03-14 10:46:21.862408,29.31,0.00,98.63,4.85
2023-03-14 10:46:23.106595,29.31,0.00,98.65,4.85
2023-03-14 10:46:24.367057,29.31,0.00,98.65,4.85
2023-03-14 10:46:25.620250,29.37,0.00,98.54,4.85
2023-03-14 10:46:26.850929,29.37,0.00,98.54,4.83
2023-03-14 10:46:28.080817,29.37,0.00,98.54,4.83
2023-03-14 10:46:29.371264,29.37,0.00,98.54,4.83
2023-03-14 10:46:30.384023,29.37,0.00,98.54,4.83
2023-03-14 10:46:31.809250,29.37,0.00,98.54,4.83
2023-03-14 10:46:33.037999,29.37,0.00,98.54,4.83
2023-03-14 10:46:34.323019,29.37,0.00,98.54,4.83
2023-03-14 10:46:35.614746,29.37,0.00,98.54,4.83
2023-03-14 10:46:36.801345,29.37,0.00,98.65,4.83
2023-03-14 10:46:38.096502,29.37,0.00,98.54,4.83
2023-03-14 10:46:39.367087,29.37,0.00,98.54,4.83
2023-03-14 10:46:40.623200,29.37,0.00,98.54,4.83
2023-03-14 10:46:41.822698,29.37,0.00,98.54,4.91
2023-03-14 10:46:45.677530,29.37,0.00,0.00,2224.20
2023-03-14 10:46:46.940564,29.37,0.00,0.00,27.60
2023-03-14 10:46:48.180562,29.37,0.00,0.00,5.90
2023-03-14 10:46:49.381933,29.37,0.00,0.00,5.90
2023-03-14 10:46:50.675208,29.37,0.00,0.00,5.90
2023-03-14 10:46:51.883026,29.37,0.00,0.00,5.90
2023-03-14 10:46:53.128356,29.37,0.00,0.00,5.90
2023-03-14 10:46:54.419801,29.37,0.00,94.00,5.90
2023-03-14 10:46:55.645132,29.37,0.00,96.72,5.90
2023-03-14 10:46:56.929351,29.37,0.00,96.75,5.90
2023-03-14 10:46:58.097233,29.37,0.00,96.75,5.90
2023-03-14 10:46:59.382962,29.37,0.00,96.75,5.90
2023-03-14 10:47:00.600649,29.37,0.00,96.75,5.90
2023-03-14 10:47:01.912508,29.37,0.00,96.75,4.87
2023-03-14 10:47:03.142695,29.37,0.00,96.75,4.85
2023-03-14 10:47:04.424135,29.37,0.00,96.75,4.85
2023-03-14 10:47:05.631399,29.37,0.00,96.75,4.85
2023-03-14 10:47:06.933951,29.37,0.00,96.75,4.82
2023-03-14 10:47:08.190942,29.37,0.00,96.75,4.82
2023-03-14 10:47:09.461270,29.37,0.00,96.75,4.81
2023-03-14 10:47:10.682298,29.37,0.00,96.75,4.82
2023-03-14 10:47:11.949323,29.37,0.00,96.75,4.82
2023-03-14 10:47:13.195106,29.37,0.00,96.75,4.81
2023-03-14 10:47:14.384026,29.37,0.00,96.75,4.81
2023-03-14 10:47:15.728509,29.37,0.00,96.75,4.83
2023-03-14 10:47:19.434168,29.37,0.00,0.00,2174.24
2023-03-14 10:47:20.796549,29.37,0.00,0.00,26.52
2023-03-14 10:47:22.025894,29.37,0.00,0.00,5.60
2023-03-14 10:47:23.277577,29.37,0.00,0.00,4.83
2023-03-14 10:47:24.494930,29.37,0.10,0.00,4.83
2023-03-14 10:47:25.808280,29.37,0.10,0.00,4.81
2023-03-14 10:47:26.976156,29.37,0.10,0.00,4.80
2023-03-14 10:47:28.309465,29.37,0.10,94.00,4.80
2023-03-14 10:47:29.503296,29.37,0.10,96.72,4.82
2023-03-14 10:47:30.816941,29.37,0.10,96.75,4.82
2023-03-14 10:47:32.056078,29.37,0.10,96.75,4.80
2023-03-14 10:47:33.322014,29.37,0.20,96.75,4.82
2023-03-14 10:47:34.567975,29.37,0.30,96.75,4.79
2023-03-14 10:47:35.756398,29.37,0.20,96.75,4.80
2023-03-14 10:47:37.032840,29.37,0.30,96.75,4.80
2023-03-14 10:47:38.327761,29.37,0.30,96.75,4.82
2023-03-14 10:47:39.571554,29.37,0.30,96.75,4.80
2023-03-14 10:47:40.796645,29.37,0.30,96.75,4.80
2023-03-14 10:47:42.059454,29.37,0.30,96.75,4.80
2023-03-14 10:47:43.290105,29.37,0.30,96.75,4.78
2023-03-14 10:47:44.583571,29.37,0.20,96.75,4.78
2023-03-14 10:47:45.817462,29.37,0.30,96.75,4.80
2023-03-14 10:47:47.070181,29.37,0.20,96.75,4.80
2023-03-14 10:47:48.352510,29.37,0.29,96.75,4.80
2023-03-14 10:47:49.560647,29.37,0.00,96.75,4.82
2023-03-14 10:47:53.393774,29.37,0.20,0.00,2174.20
2023-03-14 10:47:54.557053,29.37,0.30,0.00,26.48
2023-03-14 10:47:55.893474,29.37,0.30,0.00,5.20
2023-03-14 10:47:57.168060,29.31,0.30,0.00,4.82
2023-03-14 10:47:58.433543,29.37,0.20,0.00,4.80
2023-03-14 10:47:59.627753,29.37,0.10,0.00,4.78
2023-03-14 10:48:00.877526,29.37,0.20,0.00,4.80
2023-03-14 10:48:02.143642,29.37,0.20,94.00,4.82
2023-03-14 10:48:03.317015,29.37,0.20,96.72,4.82
2023-03-14 10:48:04.673751,29.37,0.20,96.75,4.80
2023-03-14 10:48:05.839183,29.37,0.20,98.53,4.80
2023-03-14 10:48:07.130998,29.37,0.20,98.54,4.80
2023-03-14 10:48:08.357647,29.37,0.20,98.54,4.82
2023-03-14 10:48:09.676411,29.37,0.20,98.54,4.81
2023-03-14 10:48:10.655066,29.37,0.20,98.54,4.82
2023-03-14 10:48:12.169601,29.37,0.10,98.54,4.82
2023-03-14 10:48:13.344441,29.37,0.10,98.54,4.83
2023-03-14 10:48:14.640358,29.37,0.10,98.54,4.83
2023-03-14 10:48:15.901588,29.37,0.00,98.54,4.83
2023-03-14 10:48:17.168058,29.37,0.00,98.54,4.83
2023-03-14 10:48:18.486505,29.38,0.00,98.44,4.83
2023-03-14 10:48:19.667953,29.43,0.10,98.54,4.84
2023-03-14 10:48:20.920824,29.43,0.10,98.44,4.83
2023-03-14 10:48:22.160845,29.38,0.12,98.43,4.79
2023-03-14 10:48:23.451719,29.37,0.00,98.54,4.82
2023-03-14 10:48:27.198713,29.37,0.00,0.00,2174.24
2023-03-14 10:48:28.486082,29.37,0.00,0.00,26.52
2023-03-14 10:48:29.748636,29.37,0.00,0.00,5.60
2023-03-14 10:48:30.984373,29.43,0.00,0.00,4.83
2023-03-14 10:48:32.236342,29.37,0.00,0.00,4.83
2023-03-14 10:48:33.445984,29.37,0.00,0.00,4.84
2023-03-14 10:48:34.741926,29.38,0.00,0.00,4.81
2023-03-14 10:48:35.973306,29.43,0.10,94.00,4.80
2023-03-14 10:48:37.294573,29.37,0.00,96.72,4.80
2023-03-14 10:48:38.511854,29.37,0.00,96.75,4.82
2023-03-14 10:48:39.893509,29.43,0.00,96.75,4.84
2023-03-14 10:48:40.997448,29.43,0.00,96.75,4.85
2023-03-14 10:48:42.272219,29.43,0.00,98.53,4.85
2023-03-14 10:48:43.547119,29.43,0.00,98.44,4.85
2023-03-14 10:48:44.773661,29.43,0.00,98.43,4.85
2023-03-14 10:48:46.087191,29.43,0.00,98.43,4.85
2023-03-14 10:48:47.283803,29.43,0.00,98.43,4.85
2023-03-14 10:48:48.577237,29.43,0.00,98.43,4.81
2023-03-14 10:48:49.801220,29.49,0.00,98.43,4.81
2023-03-14 10:48:51.041455,29.43,0.00,98.43,4.84
2023-03-14 10:48:52.256906,29.43,0.00,98.43,4.84
2023-03-14 10:48:53.528318,29.43,0.00,98.43,4.84
2023-03-14 10:48:54.781209,29.43,0.00,98.43,4.84
2023-03-14 10:48:56.035499,29.43,0.00,98.43,4.84
2023-03-14 10:48:57.316751,29.49,0.00,98.33,4.85
2023-03-14 10:49:01.214279,29.50,0.00,0.00,2194.24
2023-03-14 10:49:02.373735,29.50,0.00,0.00,2194.24
2023-03-14 10:49:03.615365,29.50,0.00,0.00,2194.24
2023-03-14 10:49:04.845509,29.50,0.00,0.00,2194.24
2023-03-14 10:49:06.093631,29.50,0.00,0.00,2194.24
2023-03-14 10:49:07.370697,29.49,0.00,0.00,4.84
2023-03-14 10:49:08.575130,29.49,0.00,0.00,4.81
2023-03-14 10:49:09.889304,29.49,0.00,95.57,4.81
2023-03-14 10:49:11.053642,29.50,0.00,96.52,4.82
2023-03-14 10:49:12.384341,29.50,0.00,96.53,4.82
2023-03-14 10:49:13.601131,29.50,0.00,98.42,4.82
2023-03-14 10:49:14.695893,29.50,0.00,98.43,4.82
2023-03-14 10:49:15.729846,29.50,0.00,98.43,4.82
2023-03-14 10:49:17.719628,29.50,0.00,98.43,4.82
2023-03-14 10:49:18.445994,29.50,0.00,98.43,4.82
2023-03-14 10:49:19.719530,29.50,0.00,98.33,4.82
2023-03-14 10:51:03.099825,29.50,0.00,98.33,4.85
2023-03-14 10:51:03.712926,29.50,0.00,98.33,4.85
2023-03-14 10:51:05.024359,29.50,0.00,98.33,4.85
2023-03-14 10:51:06.325385,29.50,0.00,98.33,4.85
2023-03-14 10:51:07.509790,29.50,0.00,98.33,4.85
2023-03-14 10:51:08.766245,29.50,0.00,98.33,4.85
2023-03-14 10:51:10.107016,29.50,0.00,98.33,4.85
2023-03-14 10:51:11.490658,29.50,0.00,98.33,4.85
2023-03-14 10:51:12.822616,29.50,0.00,98.33,4.85
2023-03-14 10:51:16.575928,29.50,0.00,0.00,4.85
2023-03-14 10:51:17.871042,29.50,0.00,0.00,4.85
2023-03-14 10:51:18.858363,29.50,0.00,0.00,4.85
2023-03-14 10:51:20.339927,29.50,0.00,0.00,4.85
2023-03-14 10:51:21.634004,29.50,0.00,0.00,4.85
2023-03-14 10:51:22.876573,29.50,0.00,0.00,4.85
2023-03-14 10:51:24.187828,29.50,0.00,0.00,4.85
2023-03-14 10:51:25.351397,29.50,0.00,93.79,4.85
2023-03-14 10:51:26.679733,29.50,0.00,96.51,4.85
2023-03-14 10:51:28.007493,29.50,0.00,96.53,4.85
2023-03-14 10:51:29.202405,29.50,0.00,96.43,4.85
2023-03-14 10:51:30.401524,29.50,0.00,96.53,4.85
2023-03-14 10:51:31.592583,29.50,0.00,96.53,4.85
2023-03-14 10:51:32.734805,29.50,0.00,96.53,4.85
2023-03-14 10:51:34.154081,29.50,0.00,96.53,4.85
2023-03-14 10:51:35.379928,29.50,0.00,96.53,4.85
2023-03-14 10:51:36.670425,29.50,0.00,96.53,4.85
2023-03-14 10:51:37.890155,29.50,0.00,96.53,4.85
2023-03-14 10:51:39.146719,29.50,0.00,96.53,4.85
2023-03-14 10:51:40.349859,29.50,0.00,96.53,4.85
2023-03-14 10:51:41.628607,29.50,0.00,96.53,4.85
2023-03-14 10:51:42.945815,29.50,0.00,96.53,4.85
2023-03-14 10:51:44.242094,29.50,0.00,96.53,4.85
2023-03-14 10:51:45.408136,29.50,0.00,96.53,4.85
2023-03-14 10:51:46.673378,29.55,0.00,96.53,4.89
2023-03-14 10:51:50.463929,29.55,0.00,0.00,4.89
2023-03-14 10:51:51.734484,29.55,0.00,0.00,4.89
2023-03-14 10:51:52.965481,29.55,0.00,0.00,4.89
2023-03-14 10:51:54.191633,29.55,0.00,0.00,4.89
2023-03-14 10:51:55.470767,29.55,0.00,0.00,4.89
2023-03-14 10:51:56.588531,29.55,0.00,0.00,4.89
2023-03-14 10:51:58.001305,29.55,0.00,0.00,4.89
2023-03-14 10:51:59.263620,29.55,0.00,95.57,4.89
2023-03-14 10:52:00.468275,29.55,0.00,96.52,4.89
2023-03-14 10:52:01.840036,29.55,0.00,96.53,4.89
2023-03-14 10:52:02.774597,29.55,0.00,96.53,4.89
2023-03-14 10:52:04.267280,29.55,0.00,96.53,4.89
2023-03-14 10:52:05.562251,29.55,0.00,96.53,4.89
2023-03-14 10:52:06.720123,29.55,0.00,96.53,4.89
2023-03-14 10:52:07.912745,29.55,0.00,96.53,4.89
2023-03-14 10:52:09.260874,29.55,0.00,96.53,4.89
2023-03-14 10:52:10.521340,29.55,0.00,96.53,4.89
2023-03-14 10:52:11.807732,29.50,0.00,96.53,4.91
2023-03-14 10:52:13.091499,29.50,0.00,96.53,4.91
2023-03-14 10:52:14.273867,29.50,0.00,96.53,4.91
2023-03-14 10:52:15.528185,29.50,0.00,96.53,4.91
2023-03-14 10:52:16.755644,29.50,0.00,96.53,4.91
2023-03-14 10:52:18.131433,29.50,0.00,96.53,4.91
2023-03-14 10:52:19.311057,29.50,0.00,96.53,4.91
2023-03-14 10:52:20.649279,29.50,0.00,96.53,4.89
2023-03-14 10:52:24.267363,29.50,0.00,0.00,4.89
2023-03-14 10:52:25.571741,29.50,0.00,0.00,4.89
2023-03-14 10:52:26.900497,29.50,0.00,0.00,4.89
2023-03-14 10:52:28.090076,29.50,0.00,0.00,4.89
2023-03-14 10:52:29.367053,29.50,0.00,0.00,4.89
2023-03-14 10:52:30.589056,29.50,0.00,0.00,4.89
2023-03-14 10:52:31.856376,29.50,0.00,0.00,4.89
2023-03-14 10:52:33.067067,29.50,0.00,93.90,4.89
2023-03-14 10:52:34.459878,29.50,0.00,96.61,4.89
2023-03-14 10:52:35.732190,29.50,0.00,96.64,4.89
2023-03-14 10:52:37.093190,29.50,0.00,96.64,4.89
2023-03-14 10:52:38.145952,29.50,0.00,96.54,4.89
2023-03-14 10:52:39.350876,29.50,0.00,96.64,4.89
2023-03-14 10:52:40.800477,29.50,0.00,96.64,4.89
2023-03-14 10:52:42.063880,29.50,0.00,96.64,4.89
2023-03-14 10:52:43.198443,29.50,0.00,96.54,4.89
2023-03-14 10:52:44.321955,29.50,0.00,96.53,4.89
2023-03-14 10:52:45.793740,29.50,0.00,96.64,4.89
2023-03-14 10:52:46.961518,29.50,0.00,96.54,4.89
2023-03-14 10:52:48.258598,29.50,0.00,96.64,4.89
2023-03-14 10:52:49.522622,29.50,0.00,96.54,4.89
2023-03-14 10:52:50.722852,29.50,0.00,96.64,4.89
2023-03-14 10:52:51.877064,29.50,0.00,96.64,4.89
2023-03-14 10:52:53.218865,29.50,0.00,96.64,4.89
2023-03-14 10:52:54.466712,29.43,0.00,96.64,4.82
2023-03-14 10:52:58.254092,29.43,0.00,0.00,4.82
2023-03-14 10:52:59.583345,29.43,0.00,0.00,4.82
2023-03-14 10:53:00.771031,29.43,0.00,0.00,4.82
2023-03-14 10:53:01.996750,29.43,0.00,0.00,4.82
2023-03-14 10:53:03.201509,29.43,0.00,0.00,4.82
2023-03-14 10:53:04.559802,29.43,0.00,0.00,4.82
2023-03-14 10:53:05.803065,29.43,0.00,0.00,4.82
2023-03-14 10:53:07.023775,29.43,0.00,93.90,4.82
2023-03-14 10:53:08.405358,29.43,0.00,96.61,4.82
2023-03-14 10:53:09.552188,29.43,0.00,96.64,4.82
2023-03-14 10:53:10.741094,29.43,0.00,96.64,4.82
2023-03-14 10:53:12.076317,29.43,0.00,96.64,4.82
2023-03-14 10:53:13.207372,29.43,0.00,96.64,4.82
2023-03-14 10:53:14.477648,29.43,0.00,96.64,4.82
2023-03-14 10:53:15.797613,29.43,0.00,96.64,4.82
2023-03-14 10:53:17.055631,29.43,0.00,96.64,4.82
2023-03-14 10:53:18.289944,29.43,0.00,96.64,4.82
2023-03-14 10:53:19.529920,29.43,0.00,96.64,4.82
2023-03-14 10:53:20.790809,29.43,0.00,96.64,4.82
2023-03-14 10:53:22.083016,29.43,0.00,96.64,4.82
2023-03-14 10:53:23.455987,29.43,0.00,96.64,4.82
2023-03-14 10:53:24.581689,29.43,0.00,96.64,4.82
2023-03-14 10:53:25.902842,29.43,0.00,96.64,4.82
2023-03-14 10:53:27.094729,29.43,0.00,96.64,4.82
2023-03-14 10:53:28.366972,29.43,0.00,96.64,4.81
2023-03-14 10:53:32.205782,29.37,0.00,0.00,2194.22
2023-03-14 10:53:33.352849,29.37,0.00,0.00,2194.22
2023-03-14 10:53:34.620466,29.37,0.00,0.00,2194.22
2023-03-14 10:53:35.921354,29.43,0.00,0.00,4.85
2023-03-14 10:53:37.180329,29.37,0.00,0.00,4.85
2023-03-14 10:53:38.465046,29.37,0.00,0.00,4.85
2023-03-14 10:53:39.703772,29.37,0.00,0.00,4.85
2023-03-14 10:53:40.833520,29.43,0.00,93.90,4.85
2023-03-14 10:53:42.131847,29.43,0.00,96.61,4.83
2023-03-14 10:53:43.503722,29.43,0.00,96.64,4.85
2023-03-14 10:53:44.704040,29.43,0.00,96.64,4.85
2023-03-14 10:53:45.853511,29.43,0.00,96.64,4.85
2023-03-14 10:53:47.128437,29.43,0.00,96.64,4.85
2023-03-14 10:53:48.527941,29.43,0.00,96.64,4.85
2023-03-14 10:53:49.691450,29.43,0.00,96.64,4.83
2023-03-14 10:53:50.948165,29.43,0.00,96.64,4.83
2023-03-14 10:53:52.264318,29.43,0.00,96.64,4.84
2023-03-14 10:53:53.360118,29.43,0.00,96.64,4.83
2023-03-14 10:53:54.599604,29.43,0.00,96.64,4.84
2023-03-14 10:53:55.966726,29.44,0.00,96.54,4.87
2023-03-14 10:53:57.217767,29.43,0.00,96.64,4.85
2023-03-14 10:53:58.519086,29.43,0.00,96.64,4.85
2023-03-14 10:53:59.631429,29.44,0.00,96.54,4.85
2023-03-14 10:54:00.872614,29.44,0.00,96.64,4.85
2023-03-14 10:54:02.294833,29.44,0.00,96.54,4.85
2023-03-14 10:54:05.972053,29.49,0.00,0.00,2204.28
2023-03-14 10:54:07.367257,29.49,0.00,0.00,26.87
2023-03-14 10:54:08.412226,29.50,0.00,0.00,5.11
2023-03-14 10:54:09.739044,29.50,0.00,0.00,4.89
2023-03-14 10:54:10.999351,29.49,0.00,0.00,4.93
2023-03-14 10:54:12.442836,29.49,0.00,0.00,4.89
2023-03-14 10:54:13.441100,29.49,0.00,0.00,4.89
2023-03-14 10:54:14.794761,29.49,0.00,92.10,4.89
2023-03-14 10:54:16.075343,29.49,0.00,94.71,4.89
2023-03-14 10:54:17.384168,29.49,0.00,96.52,4.89
2023-03-14 10:54:18.546674,29.50,0.00,96.53,4.89
2023-03-14 10:54:19.747514,29.50,0.00,96.53,4.85
2023-03-14 10:54:21.062590,29.50,0.00,96.53,4.91
2023-03-14 10:54:22.277191,29.50,0.00,96.53,4.91
2023-03-14 10:54:23.654543,29.50,0.00,96.53,4.91
2023-03-14 10:54:24.814145,29.50,0.00,96.53,4.91
2023-03-14 10:54:26.026755,29.50,0.00,96.53,4.89
2023-03-14 10:54:27.264269,29.50,0.00,96.53,4.89
2023-03-14 10:54:28.619860,29.50,0.00,96.53,4.89
2023-03-14 10:54:29.877881,29.50,0.00,96.53,4.89
2023-03-14 10:54:31.211475,29.50,0.00,96.53,4.89
2023-03-14 10:54:32.351359,29.50,0.00,96.53,4.89
2023-03-14 10:54:33.551394,29.50,0.00,96.53,4.89
2023-03-14 10:54:34.795393,29.50,0.00,96.53,4.89
2023-03-14 10:54:35.998980,29.50,0.00,96.53,4.89
2023-03-14 10:54:39.827021,29.50,0.00,0.00,4.89
2023-03-14 10:54:41.110412,29.55,0.00,0.00,26.96
2023-03-14 10:54:42.424339,29.55,0.00,0.00,5.90
2023-03-14 10:54:43.669574,29.50,0.00,0.00,4.87
2023-03-14 10:54:44.975658,29.56,0.00,0.00,4.89
2023-03-14 10:54:46.048614,29.50,0.00,0.00,4.87
2023-03-14 10:54:47.533243,29.56,0.00,0.00,4.91
2023-03-14 10:54:48.603310,29.50,0.00,92.10,4.89
2023-03-14 10:54:49.914079,29.56,0.00,96.38,4.90
2023-03-14 10:54:51.155685,29.50,0.00,96.43,4.87
2023-03-14 10:54:52.409576,29.50,0.00,96.53,4.87
2023-03-14 10:54:53.700585,29.50,0.00,96.43,4.89
2023-03-14 10:54:55.017233,29.56,0.00,96.43,4.87
2023-03-14 10:54:56.163019,29.56,0.00,96.43,4.91
2023-03-14 10:54:57.329517,29.55,0.00,96.53,4.91
2023-03-14 10:54:58.612622,29.56,0.00,96.43,4.91
2023-03-14 10:54:59.919176,29.56,0.00,96.43,4.91
2023-03-14 10:55:01.236697,29.56,0.00,96.43,4.94
2023-03-14 10:55:02.415326,29.50,0.00,96.43,4.94
2023-03-14 10:55:03.750460,29.56,0.00,96.43,4.96
2023-03-14 10:55:04.839868,29.56,0.00,96.43,4.96
2023-03-14 10:55:06.262310,29.56,0.00,96.43,4.96
2023-03-14 10:55:07.552246,29.56,0.00,96.43,4.96
2023-03-14 10:55:08.693515,29.56,0.00,96.43,4.96
2023-03-14 10:55:09.999134,29.56,0.00,96.43,4.97
2023-03-14 10:55:13.709079,29.56,0.00,0.00,4.97
2023-03-14 10:55:14.918353,29.56,0.00,0.00,4.97
2023-03-14 10:55:16.345278,29.56,0.00,0.00,4.97
2023-03-14 10:55:17.614292,29.56,0.00,0.00,4.97
2023-03-14 10:55:18.738375,29.56,0.00,0.00,4.97
2023-03-14 10:55:20.030382,29.56,0.00,0.00,4.97
2023-03-14 10:55:21.245772,29.56,0.00,0.00,4.97
2023-03-14 10:55:22.548902,29.56,0.00,9.46,4.97
2023-03-14 10:55:23.719554,29.56,0.00,77.62,4.97
2023-03-14 10:55:24.956660,29.56,0.00,92.59,4.97
2023-03-14 10:55:26.272103,29.56,0.00,94.61,4.97
2023-03-14 10:55:27.522842,29.56,0.00,94.64,4.97
2023-03-14 10:55:28.882437,29.56,0.00,94.64,4.97
2023-03-14 10:55:30.025000,29.56,0.00,94.64,4.97
2023-03-14 10:55:31.233987,29.56,0.00,94.64,4.97
2023-03-14 10:55:32.525335,29.56,0.00,94.64,4.97
2023-03-14 10:55:33.939436,29.56,0.00,94.64,4.97
2023-03-14 10:55:34.946479,29.56,0.00,94.64,4.97
2023-03-14 10:55:36.291076,29.56,0.00,94.74,4.97
2023-03-14 10:55:37.496950,29.56,0.00,94.74,4.97
2023-03-14 10:55:38.736463,29.56,0.00,94.74,4.97
2023-03-14 10:55:40.049181,29.56,0.00,94.74,4.97
2023-03-14 10:55:41.213237,29.56,0.00,94.74,4.97
2023-03-14 10:55:42.657798,29.56,0.00,94.74,4.97
2023-03-14 10:55:43.885839,29.50,0.00,94.64,4.96
2023-03-14 10:55:47.598227,29.50,0.00,0.00,4.96
2023-03-14 10:55:48.853185,29.50,0.00,0.00,4.96
2023-03-14 10:55:50.110664,29.50,0.00,0.00,4.96
2023-03-14 10:55:51.350752,29.50,0.00,0.00,4.96
2023-03-14 10:55:52.761553,29.50,0.00,0.00,4.96
2023-03-14 10:55:53.812723,29.50,0.00,0.00,4.96
2023-03-14 10:55:55.133538,29.50,0.00,0.00,4.96
2023-03-14 10:55:56.334363,29.50,0.00,93.79,4.96
2023-03-14 10:55:57.687999,29.50,0.00,94.73,4.96
2023-03-14 10:55:58.787990,29.50,0.00,94.74,4.96
2023-03-14 10:56:00.054849,29.50,0.00,96.52,4.96
2023-03-14 10:56:01.422800,29.50,0.00,96.53,4.96
2023-03-14 10:56:02.551023,29.50,0.00,96.53,4.96
2023-03-14 10:56:04.037551,29.50,0.00,96.53,4.96
2023-03-14 10:56:05.049029,29.50,0.00,96.53,4.96
2023-03-14 10:56:06.450356,29.50,0.00,96.53,4.96
2023-03-14 10:56:07.550981,29.50,0.00,96.53,4.96
2023-03-14 10:56:08.918617,29.50,0.00,96.53,4.96
2023-03-14 10:56:10.171088,29.50,0.00,96.53,4.96
2023-03-14 10:56:11.429966,29.50,0.00,96.64,4.96
2023-03-14 10:56:12.651755,29.50,0.00,96.54,4.96
2023-03-14 10:56:14.051638,29.50,0.00,96.53,4.96
2023-03-14 10:56:15.179814,29.50,0.00,96.53,4.96
2023-03-14 10:56:16.359566,29.50,0.00,96.53,4.96
2023-03-14 10:56:17.894437,29.50,0.00,96.53,4.83
2023-03-14 10:56:21.509384,29.50,0.00,0.00,4.83
2023-03-14 10:56:22.794679,29.50,0.00,0.00,4.83
2023-03-14 10:56:24.064702,29.50,0.00,0.00,4.83
2023-03-14 10:56:25.178304,29.50,0.00,0.00,4.83
2023-03-14 10:56:26.453813,29.50,0.00,0.00,4.83
2023-03-14 10:56:27.694704,29.43,0.00,0.00,4.83
2023-03-14 10:56:28.921705,29.43,0.00,0.00,4.83
2023-03-14 10:56:30.221179,29.43,0.00,93.90,4.83
2023-03-14 10:56:31.509355,29.43,0.00,94.73,4.83
2023-03-14 10:56:32.772662,29.49,0.00,96.62,4.87
2023-03-14 10:56:33.993910,29.49,0.00,96.64,4.87
2023-03-14 10:56:35.245600,29.49,0.00,96.54,4.87
2023-03-14 10:56:36.565111,29.49,0.00,96.53,4.87
2023-03-14 10:56:37.736985,29.49,0.00,96.53,4.87
2023-03-14 10:56:38.959764,29.49,0.00,96.53,4.87
2023-03-14 10:56:40.224749,29.49,0.00,96.53,4.87
2023-03-14 10:56:41.550720,29.49,0.00,96.53,4.87
2023-03-14 10:56:42.882513,29.49,0.00,96.53,4.87
2023-03-14 10:56:44.068544,29.49,0.00,96.53,4.87
2023-03-14 10:56:45.229440,29.49,0.00,96.64,4.87
2023-03-14 10:56:46.466851,29.49,0.00,96.64,4.87
2023-03-14 10:56:47.767618,29.49,0.00,96.64,4.87
2023-03-14 10:56:49.058602,29.43,0.00,96.64,4.83
2023-03-14 10:56:50.351348,29.43,0.00,96.64,4.83
2023-03-14 10:56:51.491574,29.44,0.00,96.54,4.85
2023-03-14 10:56:55.429668,29.43,0.00,0.00,2204.28
2023-03-14 10:56:56.509932,29.43,0.00,0.00,26.88
2023-03-14 10:56:57.887231,29.43,0.00,0.00,5.11
2023-03-14 10:56:59.109048,29.43,0.10,0.00,4.88
2023-03-14 10:57:00.411318,29.43,0.00,0.00,4.91
2023-03-14 10:57:01.569836,29.43,0.00,0.00,4.91
2023-03-14 10:57:02.927378,29.43,0.00,0.00,4.91
2023-03-14 10:57:04.058206,29.43,0.00,95.67,4.93
2023-03-14 10:57:05.280580,29.43,0.00,96.63,4.96
2023-03-14 10:57:06.621795,29.43,0.10,96.64,4.93
2023-03-14 10:57:07.879763,29.43,0.00,96.64,4.89
2023-03-14 10:57:09.118697,29.43,0.10,98.42,4.89
2023-03-14 10:57:10.341049,29.43,0.00,98.43,4.89
2023-03-14 10:57:11.589988,29.43,0.00,98.43,4.91
2023-03-14 10:57:12.836806,29.43,0.10,98.43,4.94
2023-03-14 10:57:14.202550,29.49,0.00,98.33,4.91
2023-03-14 10:57:15.396284,29.43,0.00,98.43,4.90
2023-03-14 10:57:16.737686,29.43,0.00,98.43,4.93
2023-03-14 10:57:17.873985,29.43,0.00,98.43,4.91
2023-03-14 10:57:19.138262,29.49,0.00,98.43,4.91
2023-03-14 10:57:20.327683,29.49,0.00,98.43,4.91
2023-03-14 10:57:21.528224,29.49,0.00,98.43,4.91
2023-03-14 10:57:22.932889,29.44,0.00,98.33,4.91
2023-03-14 10:57:24.188269,29.44,0.00,98.43,4.91
2023-03-14 10:57:25.462958,29.49,0.00,98.43,4.91
2023-03-14 10:57:29.104524,29.44,0.00,0.00,2224.20
2023-03-14 10:57:30.399673,29.43,0.00,0.00,27.10
2023-03-14 10:57:31.626995,29.43,0.00,0.00,5.13
2023-03-14 10:57:32.861397,29.49,0.00,0.00,4.91
2023-03-14 10:57:34.233846,29.49,0.00,0.00,4.89
2023-03-14 10:57:36.268236,29.49,0.00,0.00,4.89
2023-03-14 10:57:37.151837,29.49,0.00,0.00,4.89
2023-03-14 10:57:37.949769,29.49,0.00,93.79,4.89
2023-03-14 10:57:39.370561,29.49,0.00,96.51,4.89
2023-03-14 10:57:40.472019,29.49,0.00,96.53,4.89
2023-03-14 10:57:41.439859,29.49,0.00,96.53,4.89
2023-03-14 10:57:42.642178,29.49,0.00,96.53,4.89
2023-03-14 10:57:43.993419,29.49,0.00,96.53,4.89
2023-03-14 10:57:45.250053,29.49,0.00,96.53,4.89
2023-03-14 10:57:46.574173,29.49,0.00,96.53,4.89
2023-03-14 10:57:47.699557,29.49,0.00,96.53,4.89
2023-03-14 10:57:48.965727,29.49,0.00,96.53,4.89
2023-03-14 10:57:50.228749,29.49,0.00,96.53,4.89
2023-03-14 10:57:51.544585,29.49,0.00,96.53,4.89
2023-03-14 10:57:52.667437,29.49,0.00,96.53,4.89
2023-03-14 10:57:53.851853,29.49,0.00,96.53,4.89
2023-03-14 10:57:55.119920,29.49,0.00,96.53,4.89
2023-03-14 10:57:56.435941,29.49,0.00,96.53,4.89
2023-03-14 10:57:57.976628,29.49,0.00,96.53,4.89
2023-03-14 10:57:59.170214,29.50,0.00,96.53,4.89
2023-03-14 10:58:02.955075,29.50,0.00,0.00,4.89
2023-03-14 10:58:04.219838,29.50,0.00,0.00,4.89
2023-03-14 10:58:05.494113,29.50,0.00,0.00,4.89
2023-03-14 10:58:06.701983,29.50,0.00,0.00,4.89
2023-03-14 10:58:08.052715,29.50,0.00,0.00,4.89
2023-03-14 10:58:09.242129,29.50,0.00,0.00,4.89
2023-03-14 10:58:10.644213,29.50,0.00,0.00,4.89
2023-03-14 10:58:11.826552,29.50,0.00,93.90,4.89
2023-03-14 10:58:13.029136,29.50,0.00,94.84,4.89
2023-03-14 10:58:14.266626,29.50,0.00,96.62,4.89
2023-03-14 10:58:15.465774,29.50,0.00,96.64,4.89
2023-03-14 10:58:16.928392,29.50,0.00,96.64,4.89
2023-03-14 10:58:18.075942,29.50,0.00,96.64,4.89
2023-03-14 10:58:19.250760,29.50,0.00,96.64,4.89
2023-03-14 10:58:20.531248,29.50,0.00,96.64,4.89
2023-03-14 10:58:21.838687,29.50,0.00,96.64,4.89
2023-03-14 10:58:23.071740,29.50,0.00,96.64,4.89
2023-03-14 10:58:24.334418,29.50,0.00,96.64,4.89
2023-03-14 10:58:25.537801,29.50,0.00,96.64,4.89
2023-03-14 10:58:26.771278,29.50,0.00,96.64,4.89
2023-03-14 10:58:28.157204,29.50,0.00,96.64,4.89
2023-03-14 10:58:29.290995,29.50,0.00,96.54,4.89
2023-03-14 10:58:30.578356,29.50,0.00,96.53,4.89
2023-03-14 10:58:31.755178,29.50,0.00,96.53,4.89
2023-03-14 10:58:33.102207,29.50,0.00,96.53,4.91
2023-03-14 10:58:36.818707,29.50,0.00,0.00,4.91
2023-03-14 10:58:38.185190,29.50,0.00,0.00,4.91
2023-03-14 10:58:39.363695,29.50,0.00,0.00,4.91
2023-03-14 10:58:40.636690,29.50,0.00,0.00,4.91
2023-03-14 10:58:41.878605,29.50,0.00,0.00,4.91
2023-03-14 10:58:43.104100,29.50,0.00,0.00,4.91
2023-03-14 10:58:44.447486,29.50,0.00,0.00,4.91
2023-03-14 10:58:45.615824,29.50,0.00,95.67,4.91
2023-03-14 10:58:46.892200,29.50,0.00,96.74,4.91
2023-03-14 10:58:48.083015,29.50,0.00,96.75,4.91
2023-03-14 10:58:49.395028,29.50,0.00,96.75,4.91
2023-03-14 10:58:50.613566,29.50,0.00,96.75,4.91
2023-03-14 10:58:51.901675,29.50,0.00,96.75,4.91
2023-03-14 10:58:53.133562,29.50,0.00,96.75,4.91
2023-03-14 10:58:54.431008,29.50,0.00,96.75,4.91
2023-03-14 10:58:55.673654,29.50,0.00,96.75,4.91
2023-03-14 10:58:56.934770,29.50,0.00,96.75,4.91
2023-03-14 10:58:58.117876,29.38,0.00,96.64,4.87
2023-03-14 10:58:59.435539,29.43,0.00,96.64,4.87
2023-03-14 10:59:00.758985,29.43,0.00,96.64,4.85
2023-03-14 10:59:01.931397,29.43,0.00,96.64,4.89
2023-03-14 10:59:03.252149,29.43,0.00,96.64,4.87
2023-03-14 10:59:04.480951,29.43,0.00,96.64,4.89
2023-03-14 10:59:05.831471,29.43,0.00,96.64,4.93
2023-03-14 10:59:07.144966,29.43,0.00,96.64,4.93
2023-03-14 10:59:10.765290,29.49,0.00,0.00,2234.22
2023-03-14 10:59:11.979663,29.49,0.00,0.00,2234.22
2023-03-14 10:59:13.318746,29.49,0.00,0.00,5.16
2023-03-14 10:59:14.468860,29.49,0.00,0.00,4.92
2023-03-14 10:59:15.785246,29.50,0.00,0.00,4.89
2023-03-14 10:59:16.954253,29.50,0.00,0.00,4.90
2023-03-14 10:59:18.341119,29.50,0.00,0.00,4.89
2023-03-14 10:59:19.500168,29.50,0.00,95.57,4.89
2023-03-14 10:59:20.794797,29.50,0.00,96.52,4.93
2023-03-14 10:59:21.991407,29.50,0.00,96.53,4.94
2023-03-14 10:59:23.251217,29.56,0.00,96.43,4.93
2023-03-14 10:59:24.612694,29.56,0.00,98.20,4.94
2023-03-14 10:59:25.839811,29.56,0.00,98.22,4.94
2023-03-14 10:59:26.977454,29.56,0.00,98.22,4.94
2023-03-14 10:59:28.334411,29.56,0.00,98.22,4.97
2023-03-14 10:59:29.568231,29.56,0.00,98.22,4.96
2023-03-14 10:59:30.767068,29.56,0.00,98.22,4.96
2023-03-14 10:59:32.042119,29.56,0.00,98.22,4.96
2023-03-14 10:59:33.311671,29.56,0.00,98.11,4.92
2023-03-14 10:59:34.471840,29.56,0.00,98.22,4.91
2023-03-14 10:59:35.899659,29.56,0.00,98.22,4.92
2023-03-14 10:59:37.060117,29.56,0.00,98.22,4.92
2023-03-14 10:59:38.352463,29.56,0.00,98.22,4.93
2023-03-14 10:59:39.655263,29.56,0.00,98.22,4.93
2023-03-14 10:59:40.821532,29.56,0.00,98.22,4.94
2023-03-14 10:59:44.588673,29.56,0.00,0.00,4.94
2023-03-14 10:59:45.877084,29.56,0.00,0.00,4.94
2023-03-14 10:59:47.169982,29.56,0.00,0.00,4.94
2023-03-14 10:59:48.397977,29.56,0.00,0.00,4.94
2023-03-14 10:59:49.595878,29.56,0.00,0.00,4.94
2023-03-14 10:59:50.943733,29.56,0.00,0.00,4.94
2023-03-14 10:59:52.151727,29.56,0.00,0.00,4.94
2023-03-14 10:59:53.327808,29.56,0.00,93.59,4.94
2023-03-14 10:59:54.650390,29.56,0.00,96.29,4.94
2023-03-14 10:59:55.888173,29.56,0.00,96.32,4.94
2023-03-14 10:59:57.162331,29.56,0.00,96.32,4.94
2023-03-14 10:59:58.353061,29.56,0.00,96.32,4.94
2023-03-14 10:59:59.603356,29.56,0.00,96.32,4.94
2023-03-14 11:00:00.944261,29.56,0.00,96.32,4.94
2023-03-14 11:00:02.237454,29.56,0.00,98.90,4.94
2023-03-14 11:00:03.394234,29.56,0.00,98.00,4.94
2023-03-14 11:00:04.726358,29.56,0.00,98.00,4.94
2023-03-14 11:00:05.932151,29.56,0.00,98.00,4.94
2023-03-14 11:00:07.129592,29.56,0.00,98.00,4.94
2023-03-14 11:00:08.483177,29.56,0.00,98.00,4.94
2023-03-14 11:00:09.786073,29.56,0.00,98.00,4.94
2023-03-14 11:00:10.958518,29.56,0.00,98.00,4.94
2023-03-14 11:00:12.190979,29.56,0.00,98.00,4.94
2023-03-14 11:00:13.268029,29.56,0.00,98.00,4.94
2023-03-14 11:00:14.467606,29.74,0.00,98.00,5.70
